participant_id,executionOrder,originalTrialNumber,loaderType,simulatedLoadingTime,simulatedLoadingTime_sec,rageClicks,mouseDistance,taskDuration,taskDuration_sec,totalLoadingTime,pureTaskDuration,perceivedLoadingTime,discomfort,reliability
participant_10,1.0,9.0,none,5000,5.0,0,4550.235752621312,22854.89999985695,22.854899999856947,10000.0,12854.899999856949,84.0,2.0,3.0
participant_10,2.0,19.0,spinner-color,1000,1.0,0,4576.154044430844,17204.599999904633,17.204599999904634,2000.0,15204.599999904633,38.0,2.0,4.0
participant_10,3.0,16.0,skeleton-color,2500,2.5,0,6366.807507233563,19615.29999995232,19.61529999995232,5000.0,14615.299999952316,79.0,4.0,3.0
participant_10,4.0,7.0,spinner,1000,1.0,0,4960.750483151509,12604.5,12.6045,2000.0,10604.5,20.0,2.0,4.0
participant_10,5.0,5.0,none,2500,2.5,0,7567.1570189326385,20465.599999904636,20.465599999904637,5000.0,15465.599999904633,80.0,4.0,2.0
participant_10,6.0,1.0,bar-color,5000,5.0,0,4950.060665294346,22285.900000095367,22.285900000095367,10000.0,12285.900000095367,92.0,5.0,2.0
participant_10,7.0,14.0,skeleton-color,1000,1.0,0,10304.749780367552,18671.39999985695,18.67139999985695,3000.0,15671.399999856949,49.0,3.0,3.0
participant_10,8.0,13.0,spinner-color,2500,2.5,0,6539.5124301134265,19574.10000014305,19.57410000014305,7500.0,12074.100000143051,81.0,4.0,3.0
participant_10,9.0,21.0,skeleton,2500,2.5,0,5789.544583313108,19566.79999995232,19.56679999995232,7500.0,12066.799999952316,76.0,4.0,3.0
participant_10,10.0,8.0,bar-color,1000,1.0,0,7153.829446050096,23079.29999995232,23.07929999995232,4000.0,19079.29999995232,38.0,2.0,4.0
participant_10,11.0,2.0,bar,5000,5.0,0,7334.527813684201,27414.5,27.4145,15000.0,12414.5,94.0,5.0,1.0
participant_10,12.0,3.0,none,1000,1.0,0,5533.951197576796,22555.699999809265,22.555699999809264,3000.0,19555.699999809265,46.0,3.0,2.0
participant_10,13.0,12.0,skeleton,5000,5.0,0,7533.5464663622915,30047.099999904636,30.047099999904635,15000.0,15047.099999904633,90.0,4.0,2.0
participant_10,14.0,15.0,spinner,5000,5.0,0,6124.35081239377,25646.900000095367,25.646900000095368,15000.0,10646.900000095367,85.0,4.0,3.0
participant_10,15.0,20.0,bar-color,2500,2.5,0,6569.818903800411,22855.29999995232,22.85529999995232,7500.0,15355.299999952316,54.0,3.0,4.0
participant_10,16.0,6.0,skeleton-color,5000,5.0,0,7208.151221386428,29240.099999904636,29.240099999904636,15000.0,14240.099999904633,82.0,4.0,2.0
participant_10,17.0,10.0,bar,2500,2.5,0,6625.207386757126,19207.29999995232,19.20729999995232,7500.0,11707.299999952316,48.0,2.0,4.0
participant_10,18.0,18.0,spinner-color,5000,5.0,0,5832.273097567709,20200.0,20.2,10000.0,10200.0,67.0,4.0,2.0
participant_10,19.0,4.0,spinner,2500,2.5,0,5699.40791531097,13984.200000047684,13.984200000047684,5000.0,8984.200000047684,57.0,3.0,3.0
participant_10,20.0,17.0,skeleton,1000,1.0,0,7008.426006817968,12407.100000143051,12.407100000143052,3000.0,9407.100000143051,39.0,2.0,4.0
participant_10,21.0,11.0,bar,1000,1.0,0,4620.2818049819,10735.899999856949,10.735899999856949,2000.0,8735.899999856949,33.0,2.0,4.0
participant_11,1.0,7.0,spinner,1000,1.0,0,4847.551075712788,13451.200000047684,13.451200000047685,2000.0,11451.200000047684,27.0,1.0,5.0
participant_11,2.0,16.0,skeleton-color,2500,2.5,0,4998.080759417048,16802.0,16.802,5000.0,11802.0,45.0,2.0,2.0
participant_11,3.0,21.0,skeleton,2500,2.5,0,5320.107989663996,14464.799999952316,14.464799999952316,5000.0,9464.799999952316,43.0,2.0,4.0
participant_11,4.0,6.0,skeleton-color,5000,5.0,0,4412.340066336416,21201.10000014305,21.20110000014305,10000.0,11201.100000143051,71.0,4.0,2.0
participant_11,5.0,11.0,bar,1000,1.0,0,8359.339363471172,35312.0,35.312,6000.0,29312.0,22.0,1.0,5.0
participant_11,6.0,5.0,none,2500,2.5,0,4902.759111353471,14151.5,14.1515,5000.0,9151.5,25.0,4.0,3.0
participant_11,7.0,17.0,skeleton,1000,1.0,0,4273.975660351917,11395.099999904633,11.395099999904632,2000.0,9395.099999904633,19.0,1.0,5.0
participant_11,8.0,13.0,spinner-color,2500,2.5,0,4039.844115179265,13969.5,13.9695,5000.0,8969.5,61.0,2.0,4.0
participant_11,9.0,12.0,skeleton,5000,5.0,0,4393.740293000188,28034.700000047684,28.034700000047685,15000.0,13034.700000047684,75.0,4.0,3.0
participant_11,10.0,2.0,bar,5000,5.0,0,5571.246158614543,21815.599999904636,21.815599999904638,10000.0,11815.599999904633,85.0,5.0,2.0
participant_11,11.0,14.0,skeleton-color,1000,1.0,0,4676.139973012395,11783.199999809263,11.783199999809263,2000.0,9783.199999809263,16.0,2.0,2.0
participant_11,12.0,1.0,bar-color,5000,5.0,0,8114.075521616851,22608.900000095367,22.608900000095367,10000.0,12608.900000095367,89.0,5.0,2.0
participant_11,13.0,15.0,spinner,5000,5.0,0,4527.427812544478,21183.700000047684,21.183700000047683,10000.0,11183.700000047684,74.0,4.0,2.0
participant_11,14.0,19.0,spinner-color,1000,1.0,0,7001.029065657787,13069.5,13.0695,2000.0,11069.5,24.0,2.0,4.0
participant_11,15.0,4.0,spinner,2500,2.5,0,5145.20224740075,18429.599999904636,18.429599999904635,7500.0,10929.599999904633,55.0,3.0,4.0
participant_11,16.0,10.0,bar,2500,2.5,0,5811.968626515018,14297.0,14.297,5000.0,9297.0,57.0,2.0,3.0
participant_11,17.0,18.0,spinner-color,5000,5.0,0,5321.287675042457,20727.60000014305,20.727600000143052,10000.0,10727.600000143051,66.0,4.0,2.0
participant_11,18.0,9.0,none,5000,5.0,0,7750.900920293692,43351.09999990463,43.35109999990463,20000.0,23351.099999904636,95.0,5.0,1.0
participant_11,19.0,20.0,bar-color,2500,2.5,0,3954.340183409775,17006.0,17.006,5000.0,12006.0,74.0,4.0,3.0
participant_11,20.0,3.0,none,1000,1.0,0,5547.582322266887,14046.900000095367,14.046900000095368,2000.0,12046.900000095367,29.0,2.0,4.0
participant_11,21.0,8.0,bar-color,1000,1.0,0,4563.045961813973,12328.200000047684,12.328200000047683,2000.0,10328.200000047684,4.0,1.0,4.0
participant_12,1.0,6.0,skeleton-color,5000,5.0,0,4172.509504916193,19943.29999995232,19.94329999995232,10000.0,9943.299999952316,79.0,4.0,2.0
participant_12,2.0,12.0,skeleton,5000,5.0,0,3442.8321470992382,17407.400000095367,17.407400000095368,10000.0,7407.400000095367,65.0,4.0,2.0
participant_12,3.0,5.0,none,2500,2.5,0,4498.416283067084,18023.29999995232,18.02329999995232,5000.0,13023.299999952316,74.0,5.0,1.0
participant_12,4.0,19.0,spinner-color,1000,1.0,0,5676.6864487612165,14736.700000047684,14.736700000047684,2000.0,12736.700000047684,37.0,2.0,4.0
participant_12,5.0,3.0,none,1000,1.0,0,6198.855567235152,15263.700000047684,15.263700000047685,2000.0,13263.700000047684,41.0,2.0,4.0
participant_12,6.0,10.0,bar,2500,2.5,0,3735.066247706019,15471.099999904633,15.471099999904633,5000.0,10471.099999904633,31.0,2.0,4.0
participant_12,7.0,16.0,skeleton-color,2500,2.5,0,4257.956160895238,14642.0,14.642,5000.0,9642.0,78.0,4.0,3.0
participant_12,8.0,18.0,spinner-color,5000,5.0,0,3733.379241122345,17375.39999985695,17.37539999985695,10000.0,7375.399999856949,82.0,4.0,3.0
participant_12,9.0,4.0,spinner,2500,2.5,0,5048.957721649255,15167.299999952316,15.167299999952316,5000.0,10167.299999952316,63.0,4.0,4.0
participant_12,10.0,13.0,spinner-color,2500,2.5,0,4988.680830938333,15158.900000095367,15.158900000095368,5000.0,10158.900000095367,58.0,3.0,4.0
participant_12,11.0,2.0,bar,5000,5.0,0,3738.110673003234,20688.79999995232,20.68879999995232,10000.0,10688.799999952316,74.0,4.0,4.0
participant_12,12.0,21.0,skeleton,2500,2.5,0,3478.528804773968,12687.200000047684,12.687200000047683,5000.0,7687.200000047684,57.0,2.0,4.0
participant_12,13.0,14.0,skeleton-color,1000,1.0,0,3925.293412218117,11183.899999856949,11.18389999985695,2000.0,9183.899999856949,55.0,2.0,4.0
participant_12,14.0,15.0,spinner,5000,5.0,0,4572.321718239907,22717.39999985695,22.717399999856948,10000.0,12717.399999856949,59.0,2.0,4.0
participant_12,15.0,1.0,bar-color,5000,5.0,0,5601.249579139112,19207.39999985695,19.20739999985695,10000.0,9207.399999856949,67.0,4.0,3.0
participant_12,16.0,11.0,bar,1000,1.0,0,6487.0970881297535,11656.100000143051,11.65610000014305,3000.0,8656.100000143051,36.0,1.0,5.0
participant_12,17.0,17.0,skeleton,1000,1.0,0,3630.331695973994,11954.099999904633,11.954099999904633,2000.0,9954.099999904633,42.0,2.0,5.0
participant_12,18.0,9.0,none,5000,5.0,0,4162.188551395308,18747.5,18.7475,10000.0,8747.5,68.0,5.0,2.0
participant_12,19.0,8.0,bar-color,1000,1.0,0,4625.185912801079,10487.299999952316,10.487299999952317,2000.0,8487.299999952316,38.0,2.0,5.0
participant_12,20.0,7.0,spinner,1000,1.0,0,10315.379472692955,30502.700000047684,30.502700000047685,6000.0,24502.700000047684,36.0,2.0,4.0
participant_12,21.0,20.0,bar-color,2500,2.5,0,3561.097318396606,10860.299999952316,10.860299999952316,5000.0,5860.299999952316,58.0,3.0,4.0
participant_13,1.0,18.0,spinner-color,5000,5.0,0,7059.841933163838,26849.099999904636,26.849099999904634,15000.0,11849.099999904633,66.0,4.0,3.0
participant_13,2.0,17.0,skeleton,1000,1.0,0,3981.897121602912,9471.399999856949,9.47139999985695,2000.0,7471.399999856949,29.0,2.0,3.0
participant_13,3.0,4.0,spinner,2500,2.5,0,6253.713756210418,16287.200000047684,16.287200000047683,5000.0,11287.200000047684,50.0,2.0,3.0
participant_13,4.0,10.0,bar,2500,2.5,0,4109.594374576529,13415.599999904633,13.415599999904632,5000.0,8415.599999904633,48.0,2.0,3.0
participant_13,5.0,12.0,skeleton,5000,5.0,0,7256.620967506022,20813.0,20.813,10000.0,10813.0,59.0,3.0,3.0
participant_13,6.0,3.0,none,1000,1.0,0,4298.962045697605,10559.399999856949,10.559399999856948,2000.0,8559.399999856949,16.0,1.0,3.0
participant_13,7.0,13.0,spinner-color,2500,2.5,0,5362.247437081259,15679.100000143051,15.679100000143052,5000.0,10679.100000143051,46.0,2.0,3.0
participant_13,8.0,1.0,bar-color,5000,5.0,0,8912.349598038692,20015.5,20.0155,10000.0,10015.5,67.0,4.0,3.0
participant_13,9.0,14.0,skeleton-color,1000,1.0,0,4008.186397635626,9289.100000143051,9.289100000143051,2000.0,7289.100000143051,9.0,1.0,3.0
participant_13,10.0,7.0,spinner,1000,1.0,0,5969.785567186462,12279.200000047684,12.279200000047684,2000.0,10279.200000047684,20.0,2.0,3.0
participant_13,11.0,6.0,skeleton-color,5000,5.0,0,4324.436850331789,19695.400000095367,19.69540000009537,10000.0,9695.400000095367,71.0,4.0,3.0
participant_13,12.0,19.0,spinner-color,1000,1.0,0,4108.245675954067,11199.5,11.1995,2000.0,9199.5,23.0,2.0,3.0
participant_13,13.0,8.0,bar-color,1000,1.0,0,4708.118703970206,13077.699999809263,13.077699999809264,3000.0,10077.699999809263,33.0,2.0,3.0
participant_13,14.0,21.0,skeleton,2500,2.5,0,6469.013795688844,20143.29999995232,20.14329999995232,10000.0,10143.299999952316,50.0,3.0,3.0
participant_13,15.0,16.0,skeleton-color,2500,2.5,0,6661.070245349829,15823.200000047684,15.823200000047684,7500.0,8323.200000047684,51.0,3.0,3.0
participant_13,16.0,15.0,spinner,5000,5.0,0,6503.539899626614,26181.10000014305,26.18110000014305,15000.0,11181.100000143051,74.0,4.0,3.0
participant_13,17.0,5.0,none,2500,2.5,0,4908.778656037919,14095.200000047684,14.095200000047683,7500.0,6595.200000047684,64.0,4.0,3.0
participant_13,18.0,11.0,bar,1000,1.0,0,3936.201232062095,9111.299999952316,9.111299999952315,2000.0,7111.299999952316,36.0,2.0,3.0
participant_13,19.0,9.0,none,5000,5.0,0,8873.861032696912,25031.29999995232,25.03129999995232,20000.0,5031.299999952316,71.0,5.0,3.0
participant_13,20.0,2.0,bar,5000,5.0,0,4328.631278079864,19822.5,19.8225,10000.0,9822.5,83.0,4.0,3.0
participant_13,21.0,20.0,bar-color,2500,2.5,0,7934.917707538727,16242.600000143051,16.24260000014305,5000.0,11242.600000143051,55.0,3.0,3.0
participant_14,1.0,2.0,bar,5000,5.0,0,6848.475037875387,22046.400000095367,22.046400000095367,10000.0,12046.400000095367,56.0,2.0,4.0
participant_14,2.0,19.0,spinner-color,1000,1.0,0,5062.331452816853,14229.599999904633,14.229599999904632,2000.0,12229.599999904633,16.0,1.0,4.0
participant_14,3.0,4.0,spinner,2500,2.5,0,6967.075843589873,17751.799999952316,17.751799999952315,5000.0,12751.799999952316,38.0,3.0,4.0
participant_14,4.0,14.0,skeleton-color,1000,1.0,0,6516.651835229366,15335.099999904633,15.335099999904633,3000.0,12335.099999904633,16.0,2.0,4.0
participant_14,5.0,13.0,spinner-color,2500,2.5,0,4575.096532375154,17839.200000047684,17.839200000047683,5000.0,12839.200000047684,38.0,3.0,4.0
participant_14,6.0,7.0,spinner,1000,1.0,0,4363.646069237007,12679.300000190737,12.679300000190736,2000.0,10679.300000190737,13.0,2.0,4.0
participant_14,7.0,20.0,bar-color,2500,2.5,0,5987.189819732702,18687.5,18.6875,5000.0,13687.5,12.0,1.0,5.0
participant_14,8.0,16.0,skeleton-color,2500,2.5,0,6266.223604640352,20343.199999809265,20.343199999809265,5000.0,15343.199999809263,33.0,3.0,3.0
participant_14,9.0,1.0,bar-color,5000,5.0,0,6578.604267530633,27894.29999995232,27.89429999995232,10000.0,17894.299999952316,52.0,3.0,4.0
participant_14,10.0,3.0,none,1000,1.0,0,4853.133025565548,16127.200000047684,16.127200000047683,2000.0,14127.200000047684,3.0,1.0,4.0
participant_14,11.0,11.0,bar,1000,1.0,0,7282.960101800923,17263.39999985695,17.263399999856947,2000.0,15263.399999856949,3.0,1.0,5.0
participant_14,12.0,5.0,none,2500,2.5,0,6152.528114176716,21023.29999995232,21.02329999995232,5000.0,16023.299999952316,55.0,4.0,2.0
participant_14,13.0,21.0,skeleton,2500,2.5,0,4570.580450840529,16911.299999952316,16.911299999952316,5000.0,11911.299999952316,50.0,4.0,3.0
participant_14,14.0,9.0,none,5000,5.0,0,9387.024723928682,31871.60000014305,31.87160000014305,20000.0,11871.600000143051,75.0,5.0,1.0
participant_14,15.0,6.0,skeleton-color,5000,5.0,0,5856.097666027038,26031.400000095367,26.031400000095367,10000.0,16031.400000095367,77.0,4.0,2.0
participant_14,16.0,8.0,bar-color,1000,1.0,0,3850.1436676181024,10046.600000143051,10.046600000143052,2000.0,8046.600000143051,31.0,2.0,4.0
participant_14,17.0,10.0,bar,2500,2.5,0,6365.223352909712,19791.79999995232,19.79179999995232,5000.0,14791.799999952316,53.0,2.0,3.0
participant_14,18.0,12.0,skeleton,5000,5.0,0,3570.006998395538,20088.39999985695,20.08839999985695,10000.0,10088.399999856949,56.0,4.0,3.0
participant_14,19.0,15.0,spinner,5000,5.0,0,7674.387591819853,28679.099999904636,28.679099999904636,15000.0,13679.099999904633,71.0,4.0,2.0
participant_14,20.0,17.0,skeleton,1000,1.0,0,8315.411761982297,18033.29999995232,18.03329999995232,2000.0,16033.299999952316,20.0,2.0,4.0
participant_14,21.0,18.0,spinner-color,5000,5.0,0,4860.070618805018,20695.79999995232,20.69579999995232,10000.0,10695.799999952316,77.0,4.0,2.0
participant_15,1.0,7.0,spinner,1000,1.0,0,4953.661044278346,14342.299999952316,14.342299999952317,2000.0,12342.299999952316,15.0,2.0,3.0
participant_15,2.0,6.0,skeleton-color,5000,5.0,0,6786.6298692948685,20462.700000047684,20.462700000047683,10000.0,10462.700000047684,100.0,3.0,2.0
participant_15,3.0,21.0,skeleton,2500,2.5,0,7203.371063823166,17951.5,17.9515,5000.0,12951.5,56.0,3.0,3.0
participant_15,4.0,3.0,none,1000,1.0,0,5649.784078124878,12807.599999904633,12.807599999904632,2000.0,10807.599999904633,6.0,2.0,4.0
participant_15,5.0,20.0,bar-color,2500,2.5,0,4116.825494054608,15608.899999856949,15.608899999856948,5000.0,10608.899999856949,61.0,3.0,4.0
participant_15,6.0,11.0,bar,1000,1.0,0,6639.157948314091,11615.700000047684,11.615700000047683,2000.0,9615.700000047684,0.0,1.0,5.0
participant_15,7.0,13.0,spinner-color,2500,2.5,0,10904.697801701945,22542.700000047684,22.542700000047684,7500.0,15042.700000047684,71.0,4.0,3.0
participant_15,8.0,1.0,bar-color,5000,5.0,0,5435.068030943559,21272.200000047684,21.272200000047683,10000.0,11272.200000047684,77.0,4.0,4.0
participant_15,9.0,2.0,bar,5000,5.0,0,7572.462741224443,20391.89999985695,20.39189999985695,10000.0,10391.899999856949,86.0,5.0,3.0
participant_15,10.0,17.0,skeleton,1000,1.0,0,5899.371380354265,11614.799999952316,11.614799999952316,2000.0,9614.799999952316,4.0,2.0,4.0
participant_15,11.0,16.0,skeleton-color,2500,2.5,0,7434.090150472517,16832.89999985695,16.83289999985695,5000.0,11832.899999856949,46.0,3.0,3.0
participant_15,12.0,18.0,spinner-color,5000,5.0,0,4722.480430569697,19070.60000014305,19.070600000143052,10000.0,9070.600000143051,100.0,5.0,1.0
participant_15,13.0,15.0,spinner,5000,5.0,0,5884.994537083698,16830.799999952316,16.830799999952315,10000.0,6830.799999952316,100.0,5.0,1.0
participant_15,14.0,5.0,none,2500,2.5,0,5387.433076337362,15351.5,15.3515,5000.0,10351.5,34.0,2.0,2.0
participant_15,15.0,14.0,skeleton-color,1000,1.0,0,5178.419885027486,10784.300000190737,10.784300000190736,2000.0,8784.300000190735,19.0,2.0,3.0
participant_15,16.0,12.0,skeleton,5000,5.0,0,5812.673909991502,17558.199999809265,17.558199999809265,10000.0,7558.199999809265,89.0,5.0,1.0
participant_15,17.0,9.0,none,5000,5.0,0,14525.048277089783,32430.900000095367,32.43090000009537,15000.0,17430.900000095367,100.0,3.0,1.0
participant_15,18.0,8.0,bar-color,1000,1.0,0,4593.205320018512,10495.0,10.495,2000.0,8495.0,14.0,1.0,3.0
participant_15,19.0,4.0,spinner,2500,2.5,0,5019.626997865026,15551.300000190737,15.551300000190738,7500.0,8051.300000190735,52.0,2.0,2.0
participant_15,20.0,19.0,spinner-color,1000,1.0,0,4430.394907800676,9670.700000047684,9.670700000047685,2000.0,7670.700000047684,14.0,2.0,4.0
participant_15,21.0,10.0,bar,2500,2.5,0,5226.363699944709,13423.599999904633,13.423599999904633,5000.0,8423.599999904633,36.0,4.0,2.0
participant_16,1.0,12.0,skeleton,5000,5.0,0,5050.8210451603645,24346.200000047684,24.346200000047684,10000.0,14346.200000047684,59.0,2.0,3.0
participant_16,2.0,1.0,bar-color,5000,5.0,0,5029.906336707866,23237.200000047684,23.237200000047682,10000.0,13237.200000047684,62.0,3.0,4.0
participant_16,3.0,13.0,spinner-color,2500,2.5,0,4162.579988863219,16479.200000047684,16.479200000047683,5000.0,11479.200000047684,52.0,3.0,3.0
participant_16,4.0,14.0,skeleton-color,1000,1.0,0,5308.149428643285,18985.5,18.9855,3000.0,15985.5,56.0,3.0,3.0
participant_16,5.0,9.0,none,5000,5.0,0,3934.066606218693,24264.599999904636,24.264599999904636,15000.0,9264.599999904633,81.0,4.0,2.0
participant_16,6.0,10.0,bar,2500,2.5,0,5496.600429028734,21063.599999904636,21.063599999904635,7500.0,13563.599999904633,48.0,2.0,4.0
participant_16,7.0,4.0,spinner,2500,2.5,0,4361.867444035592,21289.0,21.289,7500.0,13789.0,56.0,3.0,3.0
participant_16,8.0,2.0,bar,5000,5.0,0,5504.846246759724,23185.39999985695,23.185399999856948,10000.0,13185.399999856949,55.0,3.0,4.0
participant_16,9.0,6.0,skeleton-color,5000,5.0,0,4298.792897331369,23189.700000047684,23.189700000047683,10000.0,13189.700000047684,60.0,3.0,3.0
participant_16,10.0,20.0,bar-color,2500,2.5,0,4361.030245295209,19815.60000014305,19.81560000014305,7500.0,12315.600000143051,57.0,3.0,3.0
participant_16,11.0,18.0,spinner-color,5000,5.0,0,3449.181135396275,18373.599999904636,18.373599999904638,10000.0,8373.599999904633,57.0,3.0,3.0
participant_16,12.0,3.0,none,1000,1.0,0,4033.86811587168,14992.799999952316,14.992799999952316,3000.0,11992.799999952316,40.0,2.0,3.0
participant_16,13.0,8.0,bar-color,1000,1.0,0,4590.266627116173,16577.599999904633,16.57759999990463,2000.0,14577.599999904633,31.0,2.0,4.0
participant_16,14.0,21.0,skeleton,2500,2.5,0,4297.211221801913,16861.900000095367,16.861900000095368,5000.0,11861.900000095367,42.0,3.0,4.0
participant_16,15.0,19.0,spinner-color,1000,1.0,0,3727.9435909387375,12366.400000095367,12.366400000095368,2000.0,10366.400000095367,35.0,2.0,4.0
participant_16,16.0,17.0,skeleton,1000,1.0,0,3397.7229173520805,12143.0,12.143,2000.0,10143.0,37.0,2.0,4.0
participant_16,17.0,16.0,skeleton-color,2500,2.5,0,3996.875653244225,13461.700000047684,13.461700000047683,5000.0,8461.700000047684,50.0,3.0,3.0
participant_16,18.0,15.0,spinner,5000,5.0,0,4159.358867286031,21934.29999995232,21.93429999995232,10000.0,11934.299999952316,59.0,3.0,3.0
participant_16,19.0,5.0,none,2500,2.5,0,3728.224652450735,17424.099999904633,17.424099999904634,5000.0,12424.099999904633,71.0,4.0,2.0
participant_16,20.0,11.0,bar,1000,1.0,0,5475.213476356552,13622.200000047684,13.622200000047684,2000.0,11622.200000047684,32.0,1.0,4.0
participant_16,21.0,7.0,spinner,1000,1.0,0,5449.841537213902,22409.200000047684,22.409200000047683,3000.0,19409.200000047684,36.0,3.0,3.0
participant_7,1.0,2.0,bar,5000,5.0,0,3390.8353331858248,17368.100000023842,17.36810000002384,10000.0,7368.100000023842,87.0,4.0,2.0
participant_7,2.0,17.0,skeleton,1000,1.0,0,3397.9334458170883,14374.799999952316,14.374799999952316,2000.0,12374.799999952316,36.0,2.0,3.0
participant_7,3.0,8.0,bar-color,1000,1.0,0,6348.331772682557,16599.199999928474,16.599199999928473,2000.0,14599.199999928474,43.0,2.0,4.0
participant_7,4.0,12.0,skeleton,5000,5.0,0,5912.0590688102,27015.89999997616,27.015899999976163,10000.0,17015.899999976158,60.0,2.0,4.0
participant_7,5.0,6.0,skeleton-color,5000,5.0,0,5856.583410397549,35671.10000002384,35.67110000002384,15000.0,20671.10000002384,68.0,3.0,3.0
participant_7,6.0,19.0,spinner-color,1000,1.0,0,7823.463688400328,22199.700000047684,22.199700000047685,4000.0,18199.700000047684,11.0,1.0,4.0
participant_7,7.0,14.0,skeleton-color,1000,1.0,0,5527.64750400822,15407.600000023842,15.407600000023843,2000.0,13407.600000023842,6.0,1.0,4.0
participant_7,8.0,18.0,spinner-color,5000,5.0,0,3022.990330692222,20760.89999997616,20.76089999997616,10000.0,10760.899999976158,57.0,2.0,4.0
participant_7,9.0,15.0,spinner,5000,5.0,0,3524.7283761938465,21841.700000047684,21.841700000047684,10000.0,11841.700000047684,46.0,3.0,3.0
participant_7,10.0,5.0,none,2500,2.5,0,5752.656166873639,16176.300000071526,16.176300000071524,5000.0,11176.300000071526,37.0,5.0,2.0
participant_7,11.0,4.0,spinner,2500,2.5,0,4542.829565851396,19888.200000047684,19.888200000047682,5000.0,14888.200000047684,53.0,2.0,3.0
participant_7,12.0,3.0,none,1000,1.0,0,7280.626161641744,16143.5,16.1435,2000.0,14143.5,20.0,4.0,2.0
participant_7,13.0,21.0,skeleton,2500,2.5,0,4268.371608501902,13800.0,13.8,5000.0,8800.0,51.0,3.0,3.0
participant_7,14.0,1.0,bar-color,5000,5.0,0,5976.127419357814,19286.89999997616,19.28689999997616,10000.0,9286.899999976158,99.0,5.0,2.0
participant_7,15.0,13.0,spinner-color,2500,2.5,0,5753.120234535688,18815.60000002384,18.81560000002384,5000.0,13815.600000023842,61.0,4.0,3.0
participant_7,16.0,9.0,none,5000,5.0,0,10327.27353931414,21607.10000002384,21.607100000023838,10000.0,11607.100000023842,44.0,5.0,2.0
participant_7,17.0,11.0,bar,1000,1.0,0,6399.736358108611,13391.700000047684,13.391700000047683,2000.0,11391.700000047684,19.0,2.0,4.0
participant_7,18.0,20.0,bar-color,2500,2.5,0,6493.802715557105,12847.5,12.8475,5000.0,7847.5,59.0,4.0,3.0
participant_7,19.0,7.0,spinner,1000,1.0,0,6065.886751471508,10959.899999976158,10.959899999976159,2000.0,8959.899999976158,34.0,2.0,3.0
participant_7,20.0,16.0,skeleton-color,2500,2.5,0,4021.525022090272,16246.900000095367,16.24690000009537,5000.0,11246.900000095367,46.0,4.0,2.0
participant_7,21.0,10.0,bar,2500,2.5,0,10284.021161483532,26222.5,26.2225,5000.0,21222.5,61.0,4.0,3.0
participant_8,1.0,10.0,bar,2500,2.5,0,7475.35924376509,15659.299999952316,15.659299999952315,5000.0,10659.299999952316,52.0,3.0,3.0
participant_8,2.0,16.0,skeleton-color,2500,2.5,0,7589.966895304718,15319.399999976158,15.319399999976158,5000.0,10319.399999976158,48.0,3.0,2.0
participant_8,3.0,2.0,bar,5000,5.0,0,5382.715491714868,18176.700000047684,18.176700000047685,10000.0,8176.700000047684,66.0,4.0,3.0
participant_8,4.0,8.0,bar-color,1000,1.0,0,7580.946241825402,24077.900000095367,24.07790000009537,4000.0,20077.900000095367,40.0,2.0,4.0
participant_8,5.0,18.0,spinner-color,5000,5.0,0,4806.73678498145,19176.200000047684,19.176200000047682,10000.0,9176.200000047684,56.0,3.0,3.0
participant_8,6.0,5.0,none,2500,2.5,0,3327.280895989491,16231.200000047684,16.231200000047682,5000.0,11231.200000047684,63.0,4.0,2.0
participant_8,7.0,15.0,spinner,5000,5.0,0,4557.528467548664,17919.200000047684,17.919200000047685,10000.0,7919.200000047684,54.0,3.0,3.0
participant_8,8.0,21.0,skeleton,2500,2.5,0,3652.942811046773,16479.600000023842,16.479600000023844,5000.0,11479.600000023842,45.0,2.0,4.0
participant_8,9.0,1.0,bar-color,5000,5.0,0,4532.758548709132,21166.60000002384,21.166600000023838,10000.0,11166.600000023842,43.0,2.0,4.0
participant_8,10.0,11.0,bar,1000,1.0,0,4138.112177542821,12054.699999928474,12.054699999928474,2000.0,10054.699999928474,33.0,2.0,4.0
participant_8,11.0,17.0,skeleton,1000,1.0,0,8588.06700179756,16031.100000023842,16.03110000002384,3000.0,13031.100000023842,26.0,2.0,5.0
participant_8,12.0,4.0,spinner,2500,2.5,0,3746.9298044885422,14680.600000023842,14.680600000023842,5000.0,9680.600000023842,39.0,2.0,4.0
participant_8,13.0,9.0,none,5000,5.0,0,11065.30079514257,33863.10000002384,33.86310000002384,10000.0,23863.10000002384,58.0,4.0,1.0
participant_8,14.0,14.0,skeleton-color,1000,1.0,0,5436.238109803133,12904.700000047684,12.904700000047685,2000.0,10904.700000047684,50.0,3.0,2.0
participant_8,15.0,20.0,bar-color,2500,2.5,0,5976.369411042952,16254.200000047684,16.254200000047685,7500.0,8754.200000047684,40.0,3.0,3.0
participant_8,16.0,3.0,none,1000,1.0,0,5205.087795984821,15303.200000047684,15.303200000047683,2000.0,13303.200000047684,52.0,3.0,3.0
participant_8,17.0,19.0,spinner-color,1000,1.0,0,5688.688667464734,12367.0,12.367,2000.0,10367.0,36.0,2.0,4.0
participant_8,18.0,12.0,skeleton,5000,5.0,0,4038.675612083169,19408.599999904636,19.408599999904638,15000.0,4408.599999904633,54.0,3.0,3.0
participant_8,19.0,7.0,spinner,1000,1.0,0,3881.440084190012,11037.699999928474,11.037699999928474,2000.0,9037.699999928474,35.0,2.0,4.0
participant_8,20.0,6.0,skeleton-color,5000,5.0,0,5295.980277609599,17680.100000023842,17.68010000002384,10000.0,7680.100000023842,65.0,4.0,2.0
participant_8,21.0,13.0,spinner-color,2500,2.5,0,3881.011562323691,13967.399999976158,13.967399999976157,5000.0,8967.399999976158,41.0,2.0,4.0
participant_9,1.0,16.0,skeleton-color,2500,2.5,0,6487.51977547275,17213.700000047684,17.213700000047684,5000.0,12213.700000047684,48.0,2.0,4.0
participant_9,2.0,13.0,spinner-color,2500,2.5,0,10331.899112268746,32431.5,32.4315,10000.0,22431.5,43.0,2.0,4.0
participant_9,3.0,11.0,bar,1000,1.0,0,4159.442622579097,9825.600000023842,9.825600000023842,2000.0,7825.600000023842,21.0,1.0,4.0
participant_9,4.0,3.0,none,1000,1.0,0,3754.49404836888,11969.0,11.969,2000.0,9969.0,46.0,2.0,4.0
participant_9,5.0,15.0,spinner,5000,5.0,0,6030.861843984417,17055.5,17.0555,10000.0,7055.5,67.0,2.0,4.0
participant_9,6.0,21.0,skeleton,2500,2.5,0,5743.239012411428,13545.800000071526,13.545800000071525,5000.0,8545.800000071526,37.0,2.0,4.0
participant_9,7.0,7.0,spinner,1000,1.0,0,5195.080730653738,15007.299999952316,15.007299999952316,3000.0,12007.299999952316,42.0,2.0,4.0
participant_9,8.0,14.0,skeleton-color,1000,1.0,0,3528.077955370029,10695.100000023842,10.695100000023842,2000.0,8695.100000023842,35.0,2.0,4.0
participant_9,9.0,10.0,bar,2500,2.5,0,4737.581460408351,16605.899999976158,16.60589999997616,7500.0,9105.899999976158,61.0,2.0,4.0
participant_9,10.0,19.0,spinner-color,1000,1.0,0,5860.476777287777,12273.799999952316,12.273799999952317,2000.0,10273.799999952316,38.0,2.0,4.0
participant_9,11.0,17.0,skeleton,1000,1.0,0,4803.716777136457,10607.100000023842,10.607100000023841,2000.0,8607.100000023842,29.0,2.0,4.0
participant_9,12.0,20.0,bar-color,2500,2.5,0,7209.022908718059,16118.100000023842,16.11810000002384,5000.0,11118.100000023842,73.0,2.0,4.0
participant_9,13.0,18.0,spinner-color,5000,5.0,0,4754.912920434436,19695.5,19.6955,10000.0,9695.5,84.0,2.0,4.0
participant_9,14.0,4.0,spinner,2500,2.5,0,7584.278504362457,26303.0,26.303,5000.0,21303.0,69.0,2.0,4.0
participant_9,15.0,9.0,none,5000,5.0,0,7927.39759263371,21967.200000047684,21.967200000047683,15000.0,6967.200000047684,74.0,4.0,4.0
participant_9,16.0,12.0,skeleton,5000,5.0,0,8185.023783651374,31876.0,31.876,10000.0,21876.0,72.0,2.0,4.0
participant_9,17.0,5.0,none,2500,2.5,0,7640.1672077221,18367.39999997616,18.36739999997616,7500.0,10867.399999976158,76.0,3.0,4.0
participant_9,18.0,1.0,bar-color,5000,5.0,0,8154.570067163985,20502.80000007153,20.50280000007153,10000.0,10502.800000071526,70.0,2.0,4.0
participant_9,19.0,2.0,bar,5000,5.0,0,6809.380205947544,21640.199999928474,21.640199999928473,10000.0,11640.199999928474,79.0,3.0,4.0
participant_9,20.0,8.0,bar-color,1000,1.0,0,5508.550306403545,9535.100000023842,9.535100000023842,2000.0,7535.100000023842,17.0,1.0,4.0
participant_9,21.0,6.0,skeleton-color,5000,5.0,0,5163.418500598446,17639.100000023842,17.63910000002384,10000.0,7639.100000023842,68.0,2.0,4.0
