participant_id,executionOrder,originalTrialNumber,loaderType,simulatedLoadingTime,simulatedLoadingTime_sec,rageClicks,mouseDistance,taskDuration,taskDuration_sec,totalLoadingTime,pureTaskDuration,perceivedLoadingTime,discomfort,reliability,perceivedLoadingTime_z,discomfort_z,reliability_z,rageClicks_z,mouseDistance_z,taskDuration_sec_z
participant_10,1.0,9.0,none,5000,5.0,0,4550.235752621312,22854.89999985695,22.854899999856947,10000.0,12854.899999856949,84.0,2.0,3.0,0.9078463506507087,-1.185621207446499,0.0517226003649949,0.0,-0.6316432333995553,0.8341866325590968
participant_10,2.0,19.0,spinner-color,1000,1.0,0,4576.154044430844,17204.599999904633,17.204599999904634,2000.0,15204.599999904633,38.0,2.0,4.0,-1.1221989612210153,-1.185621207446499,1.1378972080298917,0.0,-0.6167689120808865,-0.15795095484273577
participant_10,3.0,16.0,skeleton-color,2500,2.5,0,6366.807507233563,19615.29999995232,19.61529999995232,5000.0,14615.299999952316,79.0,4.0,3.0,0.6871892515342171,0.729613050736307,0.0517226003649949,0.0,0.4108742355404066,0.2653444599170283
participant_10,4.0,7.0,spinner,1000,1.0,0,4960.750483151509,12604.5,12.6045,2000.0,10604.5,20.0,2.0,4.0,-1.9165645180403854,-1.185621207446499,1.1378972080298917,0.0,-0.39605178112231687,-0.9656836620885584
participant_10,5.0,5.0,none,2500,2.5,0,7567.1570189326385,20465.59999990464,20.46559999990464,5000.0,15465.599999904633,80.0,4.0,2.0,0.7313206713575154,0.729613050736307,-1.034452007299902,0.0,1.0997461898700875,0.41464884915788147
participant_10,6.0,1.0,bar-color,5000,5.0,0,4950.060665294346,22285.900000095367,22.285900000095367,10000.0,12285.900000095367,92.0,5.0,2.0,1.2608977092370957,1.68723017982771,-1.034452007299902,0.0,-0.4021865907314519,0.7342757805689615
participant_10,7.0,14.0,skeleton-color,1000,1.0,0,10304.749780367552,18671.39999985695,18.67139999985695,3000.0,15671.399999856949,49.0,3.0,3.0,-0.6367533431647334,-0.22800407835509598,0.0517226003649949,0.0,2.6708309925448233,0.09960482328691744
participant_10,8.0,13.0,spinner-color,2500,2.5,0,6539.5124301134265,19574.10000014305,19.57410000014305,7500.0,12074.100000143051,81.0,4.0,3.0,0.7754520911808137,0.729613050736307,0.0517226003649949,0.0,0.5099883490440693,0.25811014166630375
participant_10,9.0,21.0,skeleton,2500,2.5,0,5789.544583313108,19566.79999995232,19.56679999995232,7500.0,12066.799999952316,76.0,4.0,3.0,0.554794992064322,0.729613050736307,0.0517226003649949,0.0,0.07958719398509469,0.25682833281060996
participant_10,10.0,8.0,bar-color,1000,1.0,0,7153.829446050096,23079.29999995232,23.07929999995232,4000.0,19079.29999995232,38.0,2.0,4.0,-1.1221989612210153,-1.185621207446499,1.1378972080298917,0.0,0.8625404675909901,0.873589084589869
participant_10,11.0,2.0,bar,5000,5.0,0,7334.527813684201,27414.5,27.4145,15000.0,12414.5,94.0,5.0,1.0,1.3491605488836922,1.68723017982771,-2.1206266149647988,0.0,0.9662419615667677,1.6348079347373004
participant_10,12.0,3.0,none,1000,1.0,0,5533.951197576796,22555.699999809265,22.555699999809264,3000.0,19555.699999809265,46.0,3.0,2.0,-0.7691476026346284,-0.22800407835509598,-1.034452007299902,0.0,-0.06709601238926134,0.7816500298653563
participant_10,13.0,12.0,skeleton,5000,5.0,0,7533.5464663622915,30047.09999990464,30.047099999904635,15000.0,15047.099999904633,90.0,4.0,2.0,1.172634869590499,0.729613050736307,-1.034452007299902,0.0,1.0804573354076383,2.0970668258619294
participant_10,14.0,15.0,spinner,5000,5.0,0,6124.35081239377,25646.900000095367,25.646900000095368,15000.0,10646.900000095367,85.0,4.0,3.0,0.9519777704740071,0.729613050736307,0.0517226003649949,0.0,0.27173008161961476,1.3244346095312647
participant_10,15.0,20.0,bar-color,2500,2.5,0,6569.818903800411,22855.29999995232,22.85529999995232,7500.0,15355.299999952316,54.0,3.0,4.0,-0.41609624404824164,-0.22800407835509598,1.1378972080298917,0.0,0.5273810163914677,0.8342568686756898
participant_10,16.0,6.0,skeleton-color,5000,5.0,0,7208.151221386428,29240.09999990464,29.24009999990464,15000.0,14240.099999904633,82.0,4.0,2.0,0.8195835110041121,0.729613050736307,-1.034452007299902,0.0,0.8937153438865023,1.9553654944211154
participant_10,17.0,10.0,bar,2500,2.5,0,6625.207386757126,19207.29999995232,19.20729999995232,7500.0,11707.299999952316,48.0,2.0,4.0,-0.6808847629880318,-1.185621207446499,1.1378972080298917,0.0,0.5591680685207595,0.19370363807334473
participant_10,18.0,18.0,spinner-color,5000,5.0,0,5832.273097567709,20200.0,20.2,10000.0,10200.0,67.0,4.0,2.0,0.15761221365463687,0.729613050736307,-1.034452007299902,0.0,0.10410878110058938,0.3680120788763847
participant_10,19.0,4.0,spinner,2500,2.5,0,5699.40791531097,13984.200000047684,13.984200000047684,5000.0,8984.200000047684,57.0,3.0,3.0,-0.2837019845783466,-0.22800407835509598,0.0517226003649949,0.0,0.027858408295410402,-0.7234217946837888
participant_10,20.0,17.0,skeleton,1000,1.0,0,7008.426006817968,12407.100000143051,12.407100000143052,3000.0,9407.100000143051,39.0,2.0,4.0,-1.0780675413977168,-1.185621207446499,1.1378972080298917,0.0,0.7790944792568828,-1.0003451773378103
participant_10,21.0,11.0,bar,1000,1.0,0,4620.2818049819,10735.899999856949,10.735899999856947,2000.0,8735.899999856949,33.0,2.0,4.0,-1.342856060337507,-1.185621207446499,1.1378972080298917,0.0,-0.5914443075763454,-1.293791602547762
participant_11,1.0,7.0,spinner,1000,1.0,0,4847.551075712788,13451.200000047684,13.451200000047685,2000.0,11451.200000047684,27.0,1.0,5.0,-0.8559916189788354,-1.303917637297696,1.5537971908347117,0.0,-0.46101610715506913,-0.8170113977295809
participant_11,2.0,16.0,skeleton-color,2500,2.5,0,4998.080759417048,16802.0,16.802,5000.0,11802.0,45.0,2.0,2.0,-0.19430484602587056,-0.6018081402912443,-0.9561828866675148,0.0,-0.3746282039757666,-0.2286435893217427
participant_11,3.0,21.0,skeleton,2500,2.5,0,5320.107989663996,14464.799999952316,14.464799999952316,5000.0,9464.799999952316,43.0,2.0,4.0,-0.2678255985762,-0.6018081402912443,0.7171371650006362,0.0,-0.18981909189175014,-0.6390331207346662
participant_11,4.0,6.0,skeleton-color,5000,5.0,0,4412.340066336416,21201.10000014305,21.20110000014305,10000.0,11201.100000143051,71.0,4.0,2.0,0.7614649371284119,0.802410853721659,-0.9561828866675148,0.0,-0.7107805762974986,0.5437954777929526
participant_11,5.0,11.0,bar,1000,1.0,0,8359.339363471172,35312.0,35.312,6000.0,29312.0,22.0,1.0,5.0,-1.0397935003546588,-1.303917637297696,1.5537971908347117,0.0,1.554373941661548,3.021531931086538
participant_11,6.0,5.0,none,2500,2.5,0,4902.759111353471,14151.5,14.1515,5000.0,9151.5,25.0,4.0,3.0,-0.9295123715291648,0.802410853721659,-0.11952286083343931,0.0,-0.42933261244304355,-0.694045545931259
participant_11,7.0,17.0,skeleton,1000,1.0,0,4273.975660351917,11395.099999904633,11.395099999904632,2000.0,9395.099999904633,19.0,1.0,5.0,-1.150074629180153,-1.303917637297696,1.5537971908347117,0.0,-0.7901869140609805,-1.1780425099919478
participant_11,8.0,13.0,spinner-color,2500,2.5,0,4039.844115179265,13969.5,13.9695,5000.0,8969.5,61.0,2.0,4.0,0.39386117437676477,-0.6018081402912443,0.7171371650006362,0.0,-0.9245533244450813,-0.7260029713615296
participant_11,9.0,12.0,skeleton,5000,5.0,0,4393.740293000188,28034.700000047684,28.034700000047685,15000.0,13034.700000047684,75.0,4.0,3.0,0.9085064422290707,0.802410853721659,-0.11952286083343931,0.0,-0.7214548524840072,1.7437090075580566
participant_11,10.0,2.0,bar,5000,5.0,0,5571.246158614543,21815.59999990464,21.81559999990464,10000.0,11815.599999904633,85.0,5.0,2.0,1.2761102049807178,1.5045203507281106,-0.9561828866675148,0.0,-0.04569270239802737,0.6516956861406575
participant_11,11.0,14.0,skeleton-color,1000,1.0,0,4676.139973012395,11783.199999809263,11.783199999809264,2000.0,9783.199999809263,16.0,2.0,2.0,-1.260355758005647,-0.6018081402912443,-0.9561828866675148,0.0,-0.5593877065602161,-1.1098959341323857
participant_11,12.0,1.0,bar-color,5000,5.0,0,8114.075521616851,22608.900000095367,22.608900000095367,10000.0,12608.900000095367,89.0,5.0,2.0,1.4231517100813766,1.5045203507281106,-0.9561828866675148,0.0,1.413618786252322,0.7909914311952109
participant_11,13.0,15.0,spinner,5000,5.0,0,4527.427812544478,21183.700000047684,21.183700000047683,10000.0,11183.700000047684,74.0,4.0,2.0,0.871746065953906,0.802410853721659,-0.9561828866675148,0.0,-0.644732546222054,0.5407402074328734
participant_11,14.0,19.0,spinner-color,1000,1.0,0,7001.029065657787,13069.5,13.0695,2000.0,11069.5,24.0,2.0,4.0,-0.9662727478043295,-0.6018081402912443,0.7171371650006362,0.0,0.7748494279085776,-0.8840341960167135
participant_11,15.0,4.0,spinner,2500,2.5,0,5145.20224740075,18429.59999990464,18.429599999904635,7500.0,10929.599999904633,55.0,3.0,4.0,0.17329891672577652,0.10030135671520733,0.7171371650006362,0.0,-0.2901962398157888,0.05714710093793138
participant_11,16.0,10.0,bar,2500,2.5,0,5811.968626515018,14297.0,14.297,5000.0,9297.0,57.0,2.0,3.0,0.24681966927610594,-0.6018081402912443,-0.11952286083343931,0.0,0.0924561911512678,-0.6684971646120043
participant_11,17.0,18.0,spinner-color,5000,5.0,0,5321.287675042457,20727.60000014305,20.72760000014305,10000.0,10727.600000143051,66.0,4.0,2.0,0.5776630557525884,0.802410853721659,-0.9561828866675148,0.0,-0.18914207893491214,0.46065349459936394
participant_11,18.0,9.0,none,5000,5.0,0,7750.900920293692,43351.09999990463,43.35109999990463,20000.0,23351.09999990464,95.0,5.0,1.0,1.6437139677323649,1.5045203507281106,-1.7928429125015903,0.0,1.2051954937545726,4.43311950676478
participant_11,19.0,20.0,bar-color,2500,2.5,0,3954.340183409775,17006.0,17.006,5000.0,12006.0,74.0,4.0,3.0,0.871746065953906,0.802410853721659,-0.11952286083343931,0.0,-0.973623416119919,-0.1928231783999009
participant_11,20.0,3.0,none,1000,1.0,0,5547.582322266887,14046.900000095367,14.046900000095368,2000.0,12046.900000095367,29.0,2.0,4.0,-0.7824708664285059,-0.6018081402912443,0.7171371650006362,0.0,-0.059273207936512695,-0.7124122860244381
participant_11,21.0,8.0,bar-color,1000,1.0,0,4563.045961813973,12328.200000047684,12.328200000047683,2000.0,10328.200000047684,4.0,1.0,4.0,-1.7014802733076235,-1.303917637297696,0.7171371650006362,0.0,-0.6242915464484526,-1.0141992480493272
participant_12,1.0,6.0,skeleton-color,5000,5.0,0,4172.509504916193,19943.29999995232,19.94329999995232,10000.0,9943.299999952316,79.0,4.0,2.0,1.353776619410053,0.8451542540142308,-1.4608349656062343,0.0,-0.8484176111305268,0.32293806179136186
participant_12,2.0,12.0,skeleton,5000,5.0,0,3442.8321470992382,17407.400000095367,17.407400000095368,10000.0,7407.400000095367,65.0,4.0,2.0,0.4904136560552685,0.8451542540142308,-1.4608349656062343,0.0,-1.2671742004492363,-0.12234125218694325
participant_12,3.0,5.0,none,2500,2.5,0,4498.416283067084,18023.29999995232,18.02329999995232,5000.0,13023.299999952316,74.0,5.0,1.0,1.0454327039262012,1.6903085080284617,-2.390457216446565,0.0,-0.6613820543981326,-0.014195217473030016
participant_12,4.0,19.0,spinner-color,1000,1.0,0,5676.6864487612165,14736.700000047684,14.736700000047684,2000.0,12736.700000047684,37.0,2.0,4.0,-1.2363122706543004,-0.8451542540142308,0.3984095360744273,0.0,0.014818722008364303,-0.5912901318470934
participant_12,5.0,3.0,none,1000,1.0,0,6198.855567235152,15263.700000047684,15.263700000047685,2000.0,13263.700000047684,41.0,2.0,4.0,-0.9896371382672191,-0.8451542540142308,0.3984095360744273,0.0,0.3144878247387735,-0.49875407029900226
participant_12,6.0,10.0,bar,2500,2.5,0,3735.066247706019,15471.099999904633,15.471099999904633,5000.0,10471.099999904633,31.0,2.0,4.0,-1.6063249692349222,-0.8451542540142308,0.3984095360744273,0.0,-1.0994631512550597,-0.46233665255358175
participant_12,7.0,16.0,skeleton-color,2500,2.5,0,4257.956160895238,14642.0,14.642,5000.0,9642.0,78.0,4.0,3.0,1.2921078363132825,0.8451542540142308,-0.5312127147659035,0.0,-0.7993803896200161,-0.6079185284941839
participant_12,8.0,18.0,spinner-color,5000,5.0,0,3733.379241122345,17375.39999985695,17.37539999985695,10000.0,7375.399999856949,82.0,4.0,3.0,1.5387829687003638,0.8451542540142308,-0.5312127147659035,0.0,-1.1004313122039633,-0.12796014021654717
participant_12,9.0,4.0,spinner,2500,2.5,0,5048.957721649255,15167.299999952316,15.167299999952316,5000.0,10167.299999952316,63.0,4.0,4.0,0.36707608986172785,0.8451542540142308,0.3984095360744273,0.0,-0.3454302811527313,-0.5156809703788143
participant_12,10.0,13.0,spinner-color,2500,2.5,0,4988.680830938333,15158.900000095367,15.158900000095368,5000.0,10158.900000095367,58.0,3.0,4.0,0.058732174377876284,0.0,0.3984095360744273,0.0,-0.38002275534483076,-0.5171559284504775
participant_12,11.0,2.0,bar,5000,5.0,0,3738.110673003234,20688.79999995232,20.68879999995232,10000.0,10688.799999952316,74.0,4.0,4.0,1.0454327039262012,0.8451542540142308,0.3984095360744273,0.0,-1.0977159774662066,0.45384059288073914
participant_12,12.0,21.0,skeleton,2500,2.5,0,3478.528804773968,12687.200000047684,12.687200000047683,5000.0,7687.200000047684,57.0,2.0,4.0,-0.002936608718894033,-0.8451542540142308,0.3984095360744273,0.0,-1.246688145266341,-0.9511623484368704
participant_12,13.0,14.0,skeleton-color,1000,1.0,0,3925.293412218117,11183.899999856949,11.18389999985695,2000.0,9183.899999856949,55.0,2.0,4.0,-0.12627417491243467,-0.8451542540142308,0.3984095360744273,0.0,-0.990293149262428,-1.2151271707194036
participant_12,14.0,15.0,spinner,5000,5.0,0,4572.321718239907,22717.39999985695,22.717399999856948,10000.0,12717.399999856949,59.0,2.0,4.0,0.1204009574746466,-0.8451542540142308,0.3984095360744273,0.0,-0.6189682565276908,0.8100429732367772
participant_12,15.0,1.0,bar-color,5000,5.0,0,5601.249579139112,19207.39999985695,19.20739999985695,10000.0,9207.399999856949,67.0,4.0,3.0,0.6137512222488092,0.8451542540142308,-0.5312127147659035,0.0,-0.02847395508160672,0.19372119708156052
participant_12,16.0,11.0,bar,1000,1.0,0,6487.0970881297535,11656.100000143051,11.65610000014305,3000.0,8656.100000143051,36.0,1.0,5.0,-1.2979810537510708,-1.6903085080284617,1.3280317869147582,0.0,0.47990756114251726,-1.1322134548000806
participant_12,17.0,17.0,skeleton,1000,1.0,0,3630.331695973994,11954.099999904633,11.954099999904631,2000.0,9954.099999904633,42.0,2.0,5.0,-0.9279683551704487,-0.8451542540142308,1.3280317869147582,0.0,-1.1595695574594973,-1.0798875604561171
participant_12,18.0,9.0,none,5000,5.0,0,4162.188551395308,18747.5,18.7475,10000.0,8747.5,68.0,5.0,2.0,0.6754200053455794,1.6903085080284617,-1.4608349656062343,0.0,-0.854340732149182,0.11296724130787957
participant_12,19.0,8.0,bar-color,1000,1.0,0,4625.185912801079,10487.299999952316,10.487299999952317,2000.0,8487.299999952316,38.0,2.0,5.0,-1.17464348755753,-0.8451542540142308,1.3280317869147582,0.0,-0.5886298753591325,-1.3374433385857702
participant_12,20.0,7.0,spinner,1000,1.0,0,10315.379472692955,30502.700000047684,30.502700000047685,6000.0,24502.700000047684,36.0,2.0,4.0,-1.2979810537510708,-0.8451542540142308,0.3984095360744273,0.0,2.67693129654358,2.177065743612494
participant_12,21.0,20.0,bar-color,2500,2.5,0,3561.097318396606,10860.299999952316,10.860299999952316,5000.0,5860.299999952316,58.0,3.0,4.0,0.058732174377876284,0.0,0.3984095360744273,0.0,-1.1993026689605173,-1.2719481754786774
participant_13,1.0,18.0,spinner-color,5000,5.0,0,7059.841933163838,26849.09999990464,26.849099999904634,15000.0,11849.099999904633,66.0,4.0,3.0,0.8301646640997836,1.0597597575548472,0.0,0.0,0.8086017097096324,1.535529207587176
participant_13,2.0,17.0,skeleton,1000,1.0,0,3981.897121602912,9471.399999856949,9.47139999985695,2000.0,7471.399999856949,29.0,2.0,3.0,-0.9370625797509888,-0.7206366351372958,0.0,0.0,-0.9578086874234593,-1.515825473188295
participant_13,3.0,4.0,spinner,2500,2.5,0,6253.713756210418,16287.200000047684,16.287200000047683,5000.0,11287.200000047684,50.0,2.0,3.0,0.0659582883805307,-0.7206366351372958,0.0,0.0,0.3459705449648907,-0.3190374498161351
participant_13,4.0,10.0,bar,2500,2.5,0,4109.594374576529,13415.599999904633,13.415599999904632,5000.0,8415.599999904633,48.0,2.0,3.0,-0.029567508584375922,-0.7206366351372958,0.0,0.0,-0.8845241520767909,-0.82326241064106
participant_13,5.0,12.0,skeleton,5000,5.0,0,7256.620967506022,20813.0,20.813,10000.0,10813.0,59.0,3.0,3.0,0.4958243747226105,0.16956156120877572,0.0,0.0,0.9215317826902353,0.47564890189152653
participant_13,6.0,3.0,none,1000,1.0,0,4298.962045697605,10559.399999856949,10.559399999856948,2000.0,8559.399999856949,16.0,1.0,3.0,-1.5579802600228818,-1.6108348314833674,0.0,0.0,-0.7758474071615652,-1.3247832816051397
participant_13,7.0,13.0,spinner-color,2500,2.5,0,5362.247437081259,15679.100000143051,15.679100000143052,5000.0,10679.100000143051,46.0,2.0,3.0,-0.12509330554928255,-0.7206366351372958,0.0,0.0,-0.16563556599885154,-0.4258138805914085
participant_13,8.0,1.0,bar-color,5000,5.0,0,8912.349598038692,20015.5,20.0155,10000.0,10015.5,67.0,4.0,3.0,0.8779275625822369,1.0597597575548472,0.0,0.0,1.8717425391724596,0.335615677822072
participant_13,9.0,14.0,skeleton-color,1000,1.0,0,4008.186397635626,9289.100000143051,9.289100000143051,2000.0,7289.100000143051,9.0,1.0,3.0,-1.892320549400055,-1.6108348314833674,0.0,0.0,-0.9427214609264588,-1.5478355756432138
participant_13,10.0,7.0,spinner,1000,1.0,0,5969.785567186462,12279.200000047684,12.279200000047684,2000.0,10279.200000047684,20.0,2.0,3.0,-1.3669286660930686,-0.7206366351372958,0.0,0.0,0.18302619870913633,-1.0228031702805536
participant_13,11.0,6.0,skeleton-color,5000,5.0,0,4324.436850331789,19695.400000095367,19.69540000009537,10000.0,9695.400000095367,71.0,4.0,3.0,1.06897915651205,1.0597597575548472,0.0,0.0,-0.7612275999441849,0.2794092389364575
participant_13,12.0,19.0,spinner-color,1000,1.0,0,4108.245675954067,11199.5,11.1995,2000.0,9199.5,23.0,2.0,3.0,-1.2236399706457086,-0.7206366351372958,0.0,0.0,-0.8852981605191668,-1.212387962800262
participant_13,13.0,8.0,bar-color,1000,1.0,0,4708.118703970206,13077.699999809263,13.077699999809264,3000.0,10077.699999809263,33.0,2.0,3.0,-0.7460109858211755,-0.7206366351372958,0.0,0.0,-0.5410353427885105,-0.8825943560033465
participant_13,14.0,21.0,skeleton,2500,2.5,0,6469.013795688844,20143.29999995232,20.14329999995232,10000.0,10143.299999952316,50.0,3.0,3.0,0.0659582883805307,0.16956156120877572,0.0,0.0,0.4695296896283682,0.35805611171473595
participant_13,15.0,16.0,skeleton-color,2500,2.5,0,6661.070245349829,15823.200000047684,15.823200000047684,7500.0,8323.200000047684,51.0,3.0,3.0,0.113721186862984,0.16956156120877572,0.0,0.0,0.5797495052155058,-0.400511325638363
participant_13,16.0,15.0,spinner,5000,5.0,0,6503.539899626614,26181.10000014305,26.18110000014305,15000.0,11181.100000143051,74.0,4.0,3.0,1.2122678519594101,1.0597597575548472,0.0,0.0,0.4893439724378271,1.4182349208849698
participant_13,17.0,5.0,none,2500,2.5,0,4908.778656037919,14095.200000047684,14.095200000047685,7500.0,6595.200000047684,64.0,4.0,3.0,0.734638867134877,1.0597597575548472,0.0,0.0,-0.425878039028771,-0.703931276976316
participant_13,18.0,11.0,bar,1000,1.0,0,3936.201232062095,9111.299999952316,9.111299999952315,2000.0,7111.299999952316,36.0,2.0,3.0,-0.6027222903738156,-0.7206366351372958,0.0,0.0,-0.9840332298804795,-1.579055522058585
participant_13,19.0,9.0,none,5000,5.0,0,8873.861032696912,25031.29999995232,25.03129999995232,20000.0,5031.299999952316,71.0,5.0,3.0,1.06897915651205,1.9499579539009189,0.0,0.0,1.8496542282530772,1.2163412518420014
participant_13,20.0,2.0,bar,5000,5.0,0,4328.631278079864,19822.5,19.8225,10000.0,9822.5,83.0,4.0,3.0,1.64213393830149,1.0597597575548472,0.0,0.0,-0.7588204480172255,0.3017267596460163
participant_13,21.0,20.0,bar-color,2500,2.5,0,7934.917707538727,16242.600000143051,16.24260000014305,5000.0,11242.600000143051,55.0,3.0,3.0,0.30477278079279724,0.16956156120877572,0.0,0.0,1.310801404885843,-0.32686877493230215
participant_14,1.0,2.0,bar,5000,5.0,0,6848.475037875387,22046.400000095367,22.046400000095367,10000.0,12046.400000095367,56.0,2.0,4.0,0.6431071319210578,-0.5804543247940172,0.5778633929723662,0.0,0.6872997682177322,0.6922219157857209
participant_14,2.0,19.0,spinner-color,1000,1.0,0,5062.331452816853,14229.599999904633,14.229599999904632,2000.0,12229.599999904633,16.0,1.0,4.0,-0.9889472209903883,-1.393090379505641,0.5778633929723662,0.0,-0.3377551929918986,-0.680331947452927
participant_14,3.0,4.0,spinner,2500,2.5,0,6967.075843589873,17751.799999952316,17.751799999952315,5000.0,12751.799999952316,38.0,3.0,4.0,-0.09131732688909294,0.23218172991760672,0.5778633929723662,0.0,0.755363917885246,-0.06186797024401166
participant_14,4.0,14.0,skeleton-color,1000,1.0,0,6516.651835229366,15335.099999904633,15.335099999904632,3000.0,12335.099999904633,16.0,2.0,4.0,-0.9889472209903883,-0.5804543247940172,0.5778633929723662,0.0,0.49686881800628785,-0.48621692650147635
participant_14,5.0,13.0,spinner-color,2500,2.5,0,4575.096532375154,17839.200000047684,17.839200000047683,5000.0,12839.200000047684,38.0,3.0,4.0,-0.09131732688909294,0.23218172991760672,0.5778633929723662,0.0,-0.6173758106462043,-0.046521382410751475
participant_14,6.0,7.0,spinner,1000,1.0,0,4363.646069237007,12679.300000190737,12.679300000190736,2000.0,10679.300000190737,13.0,2.0,4.0,-1.111351297458747,-0.5804543247940172,0.5778633929723662,0.0,-0.7387257111261976,-0.9525495113837251
participant_14,7.0,20.0,bar-color,2500,2.5,0,5987.189819732702,18687.5,18.6875,5000.0,13687.5,12.0,1.0,5.0,-1.152152656281533,-1.393090379505641,1.5113350277738808,0.0,0.1930143741099869,0.10243182633086753
participant_14,8.0,16.0,skeleton-color,2500,2.5,0,6266.223604640352,20343.199999809265,20.343199999809265,5000.0,15343.199999809263,33.0,3.0,3.0,-0.29532412100302374,0.23218172991760672,-0.3556082418291484,0.0,0.3531498570338386,0.39315660258802954
participant_14,9.0,1.0,bar-color,5000,5.0,0,6578.604267530633,27894.29999995232,27.89429999995232,10000.0,17894.299999952316,52.0,3.0,4.0,0.4799016966299133,0.23218172991760672,0.5778633929723662,0.0,0.5324228734700516,1.7190561364951027
participant_14,10.0,3.0,none,1000,1.0,0,4853.133025565548,16127.200000047684,16.127200000047683,2000.0,14127.200000047684,3.0,1.0,4.0,-1.5193648856866084,-1.393090379505641,0.5778633929723662,0.0,-0.45781266626842376,-0.3471318897548345
participant_14,11.0,11.0,bar,1000,1.0,0,7282.960101800923,17263.39999985695,17.263399999856947,2000.0,15263.399999856949,3.0,1.0,5.0,-1.5193648856866084,-1.393090379505641,1.5113350277738808,0.0,0.9366476224854279,-0.14762624817363706
participant_14,12.0,5.0,none,2500,2.5,0,6152.528114176716,21023.29999995232,21.02329999995232,5000.0,16023.299999952316,55.0,4.0,2.0,0.6023057730982717,1.0448177846292306,-1.289079876630663,0.0,0.2879008325198923,0.5125755313775828
participant_14,13.0,21.0,skeleton,2500,2.5,0,4570.580450840529,16911.299999952316,16.911299999952316,5000.0,11911.299999952316,50.0,4.0,3.0,0.39829897898434097,1.0448177846292306,-0.3556082418291484,0.0,-0.6199675573685951,-0.20945157504699144
participant_14,14.0,9.0,none,5000,5.0,0,9387.024723928682,31871.60000014305,31.87160000014305,20000.0,11871.600000143051,75.0,5.0,1.0,1.418332949553995,1.8574538393408544,-2.2225515114321777,0.0,2.14415518103764,2.417431236329774
participant_14,15.0,6.0,skeleton-color,5000,5.0,0,5856.097666027038,26031.400000095367,26.031400000095367,10000.0,16031.400000095367,77.0,4.0,2.0,1.4999356671995672,1.0448177846292306,-1.289079876630663,0.0,0.11778152964231076,1.3919490605089515
participant_14,16.0,8.0,bar-color,1000,1.0,0,3850.1436676181024,10046.600000143051,10.046600000143052,2000.0,8046.600000143051,31.0,2.0,4.0,-0.37692683864859605,-0.5804543247940172,0.5778633929723662,0.0,-1.0334210473666317,-1.4148259615584342
participant_14,17.0,10.0,bar,2500,2.5,0,6365.223352909712,19791.79999995232,19.79179999995232,5000.0,14791.799999952316,53.0,2.0,3.0,0.5207030554526995,-0.5804543247940172,-0.3556082418291484,0.0,0.4099651007639143,0.29633613897440614
participant_14,18.0,12.0,skeleton,5000,5.0,0,3570.006998395538,20088.39999985695,20.08839999985695,10000.0,10088.399999856949,56.0,4.0,3.0,0.6431071319210578,1.0448177846292306,-0.3556082418291484,0.0,-1.1941894676691462,0.34841620699402387
participant_14,19.0,15.0,spinner,5000,5.0,0,7674.387591819853,28679.09999990464,28.67909999990464,15000.0,13679.099999904633,71.0,4.0,2.0,1.2551275142628502,1.0448177846292306,-1.289079876630663,0.0,1.1612850446692597,1.856859364386051
participant_14,20.0,17.0,skeleton,1000,1.0,0,8315.411761982297,18033.29999995232,18.03329999995232,2000.0,16033.299999952316,20.0,2.0,4.0,-0.8257417856992437,-0.5804543247940172,0.5778633929723662,0.0,1.5291642070036624,-0.012439314976861656
participant_14,21.0,18.0,spinner-color,5000,5.0,0,4860.070618805018,20695.79999995232,20.69579999995232,10000.0,10695.799999952316,77.0,4.0,2.0,1.4999356671995672,1.0448177846292306,-1.289079876630663,0.0,-0.45383123138913345,0.45506972462805745
participant_15,1.0,7.0,spinner,1000,1.0,0,4953.661044278346,14342.299999952316,14.342299999952315,2000.0,12342.299999952316,15.0,2.0,3.0,-1.0122339699754483,-0.7669649882591351,0.20191516159368877,0.0,-0.4001203591190237,-0.660542926312733
participant_15,2.0,6.0,skeleton-color,5000,5.0,0,6786.6298692948685,20462.700000047684,20.462700000047683,10000.0,10462.700000047684,100.0,3.0,2.0,1.3496452933005978,0.0,-0.6461285170998039,0.0,0.6518072706320865,0.4141396374591094
participant_15,3.0,21.0,skeleton,2500,2.5,0,7203.371063823166,17951.5,17.9515,5000.0,12951.5,56.0,3.0,3.0,0.12702543936946797,0.0,0.20191516159368877,0.0,0.8909720458299663,-0.026802597387149598
participant_15,4.0,3.0,none,1000,1.0,0,5649.784078124878,12807.599999904633,12.807599999904632,2000.0,10807.599999904633,6.0,2.0,4.0,-1.2623153037340886,-0.7669649882591351,1.0499588402871816,0.0,-0.0006203550735465215,-0.9300212824081177
participant_15,5.0,20.0,bar-color,2500,2.5,0,4116.825494054608,15608.899999856949,15.608899999856948,5000.0,10608.899999856949,61.0,3.0,4.0,0.2659595136798236,0.0,1.0499588402871816,0.0,-0.8803742645995973,-0.4381403161647498
participant_15,6.0,11.0,bar,1000,1.0,0,6639.157948314091,11615.700000047684,11.615700000047685,2000.0,9615.700000047684,0.0,1.0,5.0,-1.4290361929065154,-1.5339299765182701,1.8980025189806742,0.0,0.5671741954946774,-1.1393073009013475
participant_15,7.0,13.0,spinner-color,2500,2.5,0,10904.697801701945,22542.700000047684,22.542700000047684,7500.0,15042.700000047684,71.0,4.0,3.0,0.5438276623005349,0.7669649882591351,0.20191516159368877,0.0,3.015136848401628,0.7793673566622012
participant_15,8.0,1.0,bar-color,5000,5.0,0,5435.068030943559,21272.200000047684,21.272200000047683,10000.0,11272.200000047684,77.0,4.0,4.0,0.7105485514729617,0.7669649882591351,1.0499588402871816,0.0,-0.12384435075658058,0.5562799445239665
participant_15,9.0,2.0,bar,5000,5.0,0,7572.462741224443,20391.89999985695,20.39189999985695,10000.0,10391.899999856949,86.0,5.0,3.0,0.9606298852316019,1.5339299765182701,0.20191516159368877,0.0,1.102791105745558,0.4017078477527441
participant_15,10.0,17.0,skeleton,1000,1.0,0,5899.371380354265,11614.799999952316,11.614799999952316,2000.0,9614.799999952316,4.0,2.0,4.0,-1.3178889334582309,-0.7669649882591351,1.0499588402871816,0.0,0.14261600315953288,-1.1394653321427484
participant_15,11.0,16.0,skeleton-color,2500,2.5,0,7434.090150472517,16832.89999985695,16.83289999985695,5000.0,11832.899999856949,46.0,3.0,3.0,-0.15084270925124332,0.0,0.20191516159368877,0.0,1.023380070802898,-0.22321785063369973
participant_15,12.0,18.0,spinner-color,5000,5.0,0,4722.480430569697,19070.60000014305,19.07060000014305,10000.0,9070.600000143051,100.0,5.0,1.0,1.3496452933005978,1.5339299765182701,-1.4941721957932965,0.0,-0.532793251152937,0.16970045098420877
participant_15,13.0,15.0,spinner,5000,5.0,0,5884.994537083698,16830.799999952316,16.830799999952315,10000.0,6830.799999952316,100.0,5.0,1.0,1.3496452933005978,1.5339299765182701,-1.4941721957932965,0.0,0.1343652361751163,-0.22358659014114968
participant_15,14.0,5.0,none,2500,2.5,0,5387.433076337362,15351.5,15.3515,5000.0,10351.5,34.0,2.0,2.0,-0.4842844875960969,-0.7669649882591351,-0.6461285170998039,0.0,-0.15118170871287168,-0.483337246391014
participant_15,15.0,14.0,skeleton-color,1000,1.0,0,5178.419885027486,10784.300000190737,10.784300000190736,2000.0,8784.300000190735,19.0,2.0,3.0,-0.9010867105271638,-0.7669649882591351,0.20191516159368877,0.0,-0.27113287641444517,-1.2852930344076954
participant_15,16.0,12.0,skeleton,5000,5.0,0,5812.673909991502,17558.199999809265,17.558199999809265,10000.0,7558.199999809265,89.0,5.0,1.0,1.0439903298178153,1.5339299765182701,-1.4941721957932965,0.0,0.09286094826748023,-0.09586224259495606
participant_15,17.0,9.0,none,5000,5.0,0,14525.048277089783,32430.900000095367,32.43090000009537,15000.0,17430.900000095367,100.0,3.0,1.0,1.3496452933005978,0.0,-1.4941721957932965,0.0,5.092829956143766,2.515638862932118
participant_15,18.0,8.0,bar-color,1000,1.0,0,4593.205320018512,10495.0,10.495,2000.0,8495.0,14.0,1.0,3.0,-1.0400207848375196,-1.5339299765182701,0.20191516159368877,0.0,-0.6069833076186791,-1.3360912936553477
participant_15,19.0,4.0,spinner,2500,2.5,0,5019.626997865026,15551.300000190737,15.551300000190738,7500.0,8051.300000190735,52.0,2.0,2.0,0.015878179921183448,-0.7669649882591351,-0.6461285170998039,0.0,-0.36226297264651625,-0.44825431448407144
participant_15,20.0,19.0,spinner-color,1000,1.0,0,4430.394907800676,9670.700000047684,9.670700000047685,2000.0,7670.700000047684,14.0,2.0,4.0,-1.0400207848375196,-0.7669649882591351,1.0499588402871816,0.0,-0.7004190325942882,-1.4808303364061615
participant_15,21.0,10.0,bar,2500,2.5,0,5226.363699944709,13423.599999904633,13.423599999904631,5000.0,8423.599999904633,36.0,4.0,2.0,-0.4287108578719546,0.7669649882591351,-0.6461285170998039,0.0,-0.24361826574634196,-0.8218576886441252
participant_16,1.0,12.0,skeleton,5000,5.0,0,5050.8210451603645,24346.200000047684,24.346200000047684,10000.0,14346.200000047684,59.0,2.0,3.0,0.5937578708298336,-0.9960238397231062,-0.44389676092881997,0.0,-0.34436093318687977,1.096044371846228
participant_16,2.0,1.0,bar-color,5000,5.0,0,5029.906336707866,23237.200000047684,23.23720000004768,10000.0,13237.200000047684,62.0,3.0,4.0,0.8232471092487263,0.3984095358892422,1.1097419023220507,0.0,-0.3563637339923838,0.9013147850211172
participant_16,3.0,13.0,spinner-color,2500,2.5,0,4162.579988863219,16479.200000047684,16.479200000047683,5000.0,11479.200000047684,52.0,3.0,3.0,0.05828298118575035,0.3984095358892422,-0.44389676092881997,0.0,-0.8541160890007579,-0.28532412188969586
participant_16,4.0,14.0,skeleton-color,1000,1.0,0,5308.149428643285,18985.5,18.9855,3000.0,15985.5,56.0,3.0,3.0,0.36426863241094076,0.3984095358892422,-0.44389676092881997,0.0,-0.19668202408026492,0.15475772071669477
participant_16,5.0,9.0,none,5000,5.0,0,3934.066606218693,24264.59999990464,24.26459999990464,15000.0,9264.599999904633,81.0,4.0,2.0,2.276678952568381,1.7928429115015905,-1.9975354241796905,0.0,-0.9852582763041879,1.081716207452374
participant_16,6.0,10.0,bar,2500,2.5,0,5496.600429028734,21063.59999990464,21.063599999904635,7500.0,13563.599999904633,48.0,2.0,4.0,-0.24770267003944008,-0.9960238397231062,1.1097419023220507,0.0,-0.0885313499094135,0.5196518184287695
participant_16,7.0,4.0,spinner,2500,2.5,0,4361.867444035592,21289.0,21.289,7500.0,13789.0,56.0,3.0,3.0,0.36426863241094076,0.3984095358892422,-0.44389676092881997,0.0,-0.7397464513410913,0.5592298607091576
participant_16,8.0,2.0,bar,5000,5.0,0,5504.846246759724,23185.39999985695,23.185399999856948,10000.0,13185.399999856949,55.0,3.0,4.0,0.28777221960464316,0.3984095358892422,1.1097419023220507,0.0,-0.08379913440048808,0.8922192100574727
participant_16,9.0,6.0,skeleton-color,5000,5.0,0,4298.792897331369,23189.700000047684,23.189700000047683,10000.0,13189.700000047684,60.0,3.0,3.0,0.6702542836361312,0.3984095358892422,-0.44389676092881997,0.0,-0.7759444801927824,0.8929742481643166
participant_16,10.0,20.0,bar-color,2500,2.5,0,4361.030245295209,19815.60000014305,19.81560000014305,7500.0,12315.600000143051,57.0,3.0,3.0,0.44076504521723836,0.3984095358892422,-0.44389676092881997,0.0,-0.7402269136787927,0.3005151869487778
participant_16,11.0,18.0,spinner-color,5000,5.0,0,3449.181135396275,18373.59999990464,18.37359999990464,10000.0,8373.599999904633,57.0,3.0,3.0,0.44076504521723836,0.3984095358892422,-0.44389676092881997,0.0,-1.2635305617143775,0.047314046959387686
participant_16,12.0,3.0,none,1000,1.0,0,4033.86811587168,14992.799999952316,14.992799999952316,3000.0,11992.799999952316,40.0,2.0,3.0,-0.8596739724898209,-0.9960238397231062,-0.44389676092881997,0.0,-0.9279829074806605,-0.5463214689369583
participant_16,13.0,8.0,bar-color,1000,1.0,0,4590.266627116173,16577.599999904633,16.57759999990463,2000.0,14577.599999904633,31.0,2.0,4.0,-1.5481416877464993,-0.9960238397231062,1.1097419023220507,0.0,-0.6086698023463216,-0.26804604135251425
participant_16,14.0,21.0,skeleton,2500,2.5,0,4297.211221801913,16861.900000095367,16.861900000095368,5000.0,11861.900000095367,42.0,3.0,4.0,-0.7066811468772257,0.3984095358892422,1.1097419023220507,0.0,-0.7768521924069939,-0.21812573335294644
participant_16,15.0,19.0,spinner-color,1000,1.0,0,3727.9435909387375,12366.400000095367,12.366400000095368,2000.0,10366.400000095367,35.0,2.0,4.0,-1.242156036521309,-0.9960238397231062,1.1097419023220507,0.0,-1.1035507927623667,-1.0074917005055897
participant_16,16.0,17.0,skeleton,1000,1.0,0,3397.7229173520805,12143.0,12.143,2000.0,10143.0,37.0,2.0,4.0,-1.0891632109087137,-0.9960238397231062,1.1097419023220507,0.0,-1.293062063068721,-1.0467185622867443
participant_16,17.0,16.0,skeleton-color,2500,2.5,0,3996.875653244225,13461.700000047684,13.461700000047683,5000.0,8461.700000047684,50.0,3.0,3.0,-0.09470984442684485,0.3984095358892422,-0.44389676092881997,0.0,-0.949212615809172,-0.815167700108604
participant_16,18.0,15.0,spinner,5000,5.0,0,4159.358867286031,21934.29999995232,21.93429999995232,10000.0,11934.299999952316,59.0,3.0,3.0,0.5937578708298336,0.3984095358892422,-0.44389676092881997,0.0,-0.8559646675142526,0.6725382487785518
participant_16,19.0,5.0,none,2500,2.5,0,3728.224652450735,17424.099999904633,17.424099999904634,5000.0,12424.099999904633,71.0,4.0,2.0,1.5117148245054048,1.7928429115015905,-1.9975354241796905,0.0,-1.1033894935814452,-0.1194088950518326
participant_16,20.0,11.0,bar,1000,1.0,0,5475.213476356552,13622.200000047684,13.622200000047684,2000.0,11622.200000047684,32.0,1.0,4.0,-1.4716452749402018,-2.3904572153354544,1.1097419023220507,0.0,-0.1008051682771889,-0.786985465045096
participant_16,21.0,7.0,spinner,1000,1.0,0,5449.841537213902,22409.200000047684,22.409200000047683,3000.0,19409.200000047684,36.0,3.0,3.0,-1.1656596237150112,0.3984095358892422,-0.44389676092881997,0.0,-0.1153659417285742,0.7559260583383488
participant_7,1.0,2.0,bar,5000,5.0,0,3390.8353331858248,17368.100000023842,17.36810000002384,10000.0,7368.100000023842,87.0,4.0,2.0,1.7226166015674977,0.7419630854508137,-1.290994447069139,0.0,-1.2970147981004558,-0.12924194900944583
participant_7,2.0,17.0,skeleton,1000,1.0,0,3397.9334458170883,14374.799999952316,14.374799999952316,2000.0,12374.799999952316,36.0,2.0,3.0,-0.5028627473815858,-0.8161593939958948,0.0,0.0,-1.2929412422963389,-0.6548362432001846
participant_7,3.0,8.0,bar-color,1000,1.0,0,6348.331772682557,16599.199999928474,16.599199999928473,2000.0,14599.199999928474,43.0,2.0,4.0,-0.19740479752582915,-0.8161593939958948,1.290994447069139,0.0,0.40027114432090627,-0.2642532919566035
participant_7,4.0,12.0,skeleton,5000,5.0,0,5912.0590688102,27015.89999997616,27.015899999976163,10000.0,17015.899999976158,60.0,2.0,4.0,0.5444216521238654,-0.8161593939958948,1.290994447069139,0.0,0.14989737634074454,1.56481766123583
participant_7,5.0,6.0,skeleton-color,5000,5.0,0,5856.583410397549,35671.10000002384,35.67110000002384,15000.0,20671.10000002384,68.0,3.0,3.0,0.8935164519590157,-0.03709815427254055,0.0,0.0,0.11806029484407701,3.084586389728143
participant_7,6.0,19.0,spinner-color,1000,1.0,0,7823.463688400328,22199.700000047684,22.199700000047685,4000.0,18199.700000047684,11.0,1.0,4.0,-1.5937839968664307,-1.5952206337192492,1.290994447069139,0.0,1.2468387446494178,0.7191399010436146
participant_7,7.0,14.0,skeleton-color,1000,1.0,0,5527.64750400822,15407.600000023842,15.407600000023844,2000.0,13407.600000023842,6.0,1.0,4.0,-1.8119682467633995,-1.5952206337192492,1.290994447069139,0.0,-0.07071365680512344,-0.4734866333833206
participant_7,8.0,18.0,spinner-color,5000,5.0,0,3022.990330692222,20760.89999997616,20.76089999997616,10000.0,10760.899999976158,57.0,2.0,4.0,0.413511102185684,-0.8161593939958948,1.290994447069139,0.0,-1.5081184002500445,0.4665006498823018
participant_7,9.0,15.0,spinner,5000,5.0,0,3524.7283761938465,21841.700000047684,21.841700000047684,10000.0,11841.700000047684,46.0,3.0,3.0,-0.06649424758764776,-0.03709815427254055,0.0,0.0,-1.2201745434003672,0.6562785916807747
participant_7,10.0,5.0,none,2500,2.5,0,5752.656166873639,16176.300000071526,16.176300000071524,5000.0,11176.300000071526,37.0,5.0,2.0,-0.45922589740219194,1.521024325174168,-1.290994447069139,0.0,0.0584171970157833,-0.3385104084944598
participant_7,11.0,4.0,spinner,2500,2.5,0,4542.829565851396,19888.200000047684,19.88820000004768,5000.0,14888.200000047684,53.0,2.0,3.0,0.2389637022681088,-0.8161593939958948,0.0,0.0,-0.6358935907368118,0.3132630390542164
participant_7,12.0,3.0,none,1000,1.0,0,7280.626161641744,16143.5,16.1435,2000.0,14143.5,20.0,4.0,2.0,-1.2010523470518863,0.7419630854508137,-1.290994447069139,0.0,0.9353081910089518,-0.34426976869445225
participant_7,13.0,21.0,skeleton,2500,2.5,0,4268.371608501902,13800.0,13.8,5000.0,8800.0,51.0,3.0,3.0,0.15169000230932123,-0.03709815427254055,0.0,0.0,-0.793403039124938,-0.755765518671589
participant_7,14.0,1.0,bar-color,5000,5.0,0,5976.127419357814,19286.89999997616,19.28689999997616,10000.0,9286.899999976158,99.0,5.0,2.0,2.2462588013202236,1.521024325174168,-1.290994447069139,0.0,0.18666574207277326,0.207680621947034
participant_7,15.0,13.0,spinner-color,2500,2.5,0,5753.120234535688,18815.60000002384,18.81560000002384,5000.0,13815.600000023842,61.0,4.0,3.0,0.5880585021032592,0.7419630854508137,0.0,0.0,0.05868352211041675,0.12492493731097452
participant_7,16.0,9.0,none,5000,5.0,0,10327.27353931414,21607.10000002384,21.60710000002384,10000.0,11607.100000023842,44.0,5.0,2.0,-0.15376794754643536,1.521024325174168,-1.290994447069139,0.0,2.683757215859917,0.6150851191164702
participant_7,17.0,11.0,bar,1000,1.0,0,6399.736358108611,13391.700000047684,13.391700000047685,2000.0,11391.700000047684,19.0,2.0,4.0,-1.2446891970312803,-0.8161593939958948,1.290994447069139,0.0,0.42977186630131414,-0.8274590175817846
participant_7,18.0,20.0,bar-color,2500,2.5,0,6493.802715557105,12847.5,12.8475,5000.0,7847.5,59.0,4.0,3.0,0.5007848021444716,0.7419630854508137,0.0,0.0,0.4837558725100522,-0.9230152314316588
participant_7,19.0,7.0,spinner,1000,1.0,0,6065.886751471508,10959.899999976158,10.95989999997616,2000.0,8959.899999976158,34.0,2.0,3.0,-0.5901364473403733,-0.8161593939958948,0.0,0.0,0.23817797740910004,-1.2544593866126503
participant_7,20.0,16.0,skeleton-color,2500,2.5,0,4021.525022090272,16246.900000095367,16.24690000009537,5000.0,11246.900000095367,46.0,4.0,2.0,-0.06649424758764776,0.7419630854508137,-1.290994447069139,0.0,-0.935066520255774,-0.3261137368673218
participant_7,21.0,10.0,bar,2500,2.5,0,10284.021161483532,26222.5,26.2225,5000.0,21222.5,61.0,4.0,3.0,0.5880585021032592,0.7419630854508137,0.0,0.0,2.6589349872046966,1.42550435719399
participant_8,1.0,10.0,bar,2500,2.5,0,7475.35924376509,15659.299999952316,15.659299999952315,5000.0,10659.299999952316,52.0,3.0,3.0,0.415829960274415,0.30984858260667153,-0.1942113731044668,0.0,1.047064106721426,-0.429290567567314
participant_8,2.0,16.0,skeleton-color,2500,2.5,0,7589.966895304718,15319.399999976158,15.319399999976158,5000.0,10319.399999976158,48.0,3.0,2.0,0.051978745034301714,0.30984858260667153,-1.2138210819029163,0.0,1.1128366139185055,-0.488973693407902
participant_8,3.0,2.0,bar,5000,5.0,0,5382.715491714868,18176.700000047684,18.176700000047685,10000.0,8176.700000047684,66.0,4.0,3.0,1.6893092136148116,1.6112126295546916,-0.1942113731044668,0.0,-0.15388909660859615,0.012740326834942844
participant_8,4.0,8.0,bar-color,1000,1.0,0,7580.946241825402,24077.900000095367,24.07790000009537,4000.0,20077.900000095367,40.0,2.0,4.0,-0.6757236854459249,-0.9915154643413486,0.8253983356939827,0.0,1.1076597257446341,1.0489335078823945
participant_8,5.0,18.0,spinner-color,5000,5.0,0,4806.73678498145,19176.200000047684,19.17620000004768,10000.0,9176.200000047684,56.0,3.0,3.0,0.7796811755145283,0.30984858260667153,-0.1942113731044668,0.0,-0.484439135153705,0.1882427813270043
participant_8,6.0,5.0,none,2500,2.5,0,3327.280895989491,16231.200000047684,16.231200000047682,5000.0,11231.200000047684,63.0,4.0,2.0,1.4164208021847264,1.6112126295546916,-1.2138210819029163,0.0,-1.3334882326551885,-0.32887050379468
participant_8,7.0,15.0,spinner,5000,5.0,0,4557.528467548664,17919.200000047684,17.919200000047685,10000.0,7919.200000047684,54.0,3.0,3.0,0.5977555678944716,0.30984858260667153,-0.1942113731044668,0.0,-0.6274579967368911,-0.03247416244140147
participant_8,8.0,21.0,skeleton,2500,2.5,0,3652.942811046773,16479.600000023842,16.479600000023844,5000.0,11479.600000023842,45.0,2.0,4.0,-0.22090966639578324,-0.9915154643413486,0.8253983356939827,0.0,-1.1465932010916668,-0.2852538857940351
participant_8,9.0,1.0,bar-color,5000,5.0,0,4532.758548709132,21166.60000002384,21.16660000002384,10000.0,11166.600000023842,43.0,2.0,4.0,-0.4028352740158399,-0.9915154643413486,0.8253983356939827,0.0,-0.6416732750648032,0.5377376141602386
participant_8,10.0,11.0,bar,1000,1.0,0,4138.112177542821,12054.699999928474,12.054699999928474,2000.0,10054.699999928474,33.0,2.0,4.0,-1.312463312116123,-0.9915154643413486,0.8253983356939827,0.0,-0.8681579899955726,-1.0622231813404734
participant_8,11.0,17.0,skeleton,1000,1.0,0,8588.06700179756,16031.100000023842,16.03110000002384,3000.0,13031.100000023842,26.0,2.0,5.0,-1.9492029387863214,-0.9915154643413486,1.8450080444924322,0.0,1.6856390887603148,-0.36400611274720224
participant_8,12.0,4.0,spinner,2500,2.5,0,3746.9298044885422,14680.600000023842,14.680600000023842,5000.0,9680.600000023842,39.0,2.0,4.0,-0.7666864892559532,-0.9915154643413486,0.8253983356939827,0.0,-1.0926547413157663,-0.6011407448547862
participant_8,13.0,9.0,none,5000,5.0,0,11065.30079514257,33863.10000002384,33.86310000002384,10000.0,23863.10000002384,58.0,4.0,1.0,0.9616067831345849,1.6112126295546916,-2.2334307907013655,0.0,3.1073057516121922,2.7671192184208406
participant_8,14.0,14.0,skeleton-color,1000,1.0,0,5436.238109803133,12904.700000047684,12.904700000047685,2000.0,10904.700000047684,50.0,3.0,2.0,0.23390435265435836,0.30984858260667153,-1.2138210819029163,0.0,-0.12317285091186174,-0.9129714691452008
participant_8,15.0,20.0,bar-color,2500,2.5,0,5976.369411042952,16254.200000047684,16.254200000047685,7500.0,8754.200000047684,40.0,3.0,3.0,-0.6757236854459249,0.30984858260667153,-0.1942113731044668,0.0,0.1868046193609699,-0.3248319280534914
participant_8,16.0,3.0,none,1000,1.0,0,5205.087795984821,15303.200000047684,15.303200000047685,2000.0,13303.200000047684,52.0,3.0,3.0,0.415829960274415,0.30984858260667153,-0.1942113731044668,0.0,-0.2558283540565647,-0.49181825543913577
participant_8,17.0,19.0,spinner-color,1000,1.0,0,5688.688667464734,12367.0,12.367,2000.0,10367.0,36.0,2.0,4.0,-1.0395749006860382,-0.9915154643413486,0.8253983356939827,0.0,0.021706709027146102,-1.0073863463725652
participant_8,18.0,12.0,skeleton,5000,5.0,0,4038.675612083169,19408.59999990464,19.40859999990464,15000.0,4408.599999904633,54.0,3.0,3.0,0.5977555678944716,0.30984858260667153,-0.1942113731044668,0.0,-0.9252239199704698,0.22904995531284914
participant_8,19.0,7.0,spinner,1000,1.0,0,3881.440084190012,11037.699999928474,11.037699999928474,2000.0,9037.699999928474,35.0,2.0,4.0,-1.1305377044960665,-0.9915154643413486,0.8253983356939827,0.0,-1.0154602589151993,-1.240798465200831
participant_8,20.0,6.0,skeleton-color,5000,5.0,0,5295.980277609599,17680.100000023842,17.68010000002384,10000.0,7680.100000023842,65.0,4.0,2.0,1.5983464098047833,1.6112126295546916,-1.2138210819029163,0.0,-0.2036658123630979,-0.07445779112898188
participant_8,21.0,13.0,spinner-color,2500,2.5,0,3881.011562323691,13967.399999976158,13.967399999976156,5000.0,8967.399999976158,41.0,2.0,4.0,-0.5847608816358966,-0.9915154643413486,0.8253983356939827,0.0,-1.0157061845332367,-0.7263717108899118
participant_9,1.0,16.0,skeleton-color,2500,2.5,0,6487.51977547275,17213.700000047684,17.213700000047684,5000.0,12213.700000047684,48.0,2.0,4.0,-0.3289521573716926,-0.15240998537583522,0.0,0.0,0.48015013836956844,-0.15635308354610403
participant_9,2.0,13.0,spinner-color,2500,2.5,0,10331.899112268746,32431.5,32.4315,10000.0,22431.5,43.0,2.0,4.0,-0.5739165298825274,-0.15240998537583522,0.0,0.0,2.686411798920999,2.5157442170651416
participant_9,3.0,11.0,bar,1000,1.0,0,4159.442622579097,9825.600000023842,9.825600000023842,2000.0,7825.600000023842,21.0,1.0,4.0,-1.6517597689302008,-1.7527148318221035,0.0,0.0,-0.8559166009537575,-1.4536314067446947
participant_9,4.0,3.0,none,1000,1.0,0,3754.49404836888,11969.0,11.969,2000.0,9969.0,46.0,2.0,4.0,-0.4269379063760265,-0.15240998537583522,0.0,0.0,-1.0883136761392587,-1.07727126572008
participant_9,5.0,15.0,spinner,5000,5.0,0,6030.861843984417,17055.5,17.0555,10000.0,7055.5,67.0,2.0,4.0,0.6019124581694799,-0.15240998537583522,0.0,0.0,0.21807743482905034,-0.1841314610438661
participant_9,6.0,21.0,skeleton,2500,2.5,0,5743.239012411428,13545.800000071526,13.545800000071525,5000.0,8545.800000071526,37.0,2.0,4.0,-0.8678737768955292,-0.15240998537583522,0.0,0.0,0.05301275977864439,-0.8004005601116387
participant_9,7.0,7.0,spinner,1000,1.0,0,5195.080730653738,15007.299999952316,15.007299999952316,3000.0,12007.299999952316,42.0,2.0,4.0,-0.6229094043846944,-0.15240998537583522,0.0,0.0,-0.2615713368999286,-0.5437754103175138
participant_9,8.0,14.0,skeleton-color,1000,1.0,0,3528.077955370029,10695.100000023842,10.695100000023842,2000.0,8695.100000023842,35.0,2.0,4.0,-0.9658595258998632,-0.15240998537583522,0.0,0.0,-1.2182522439944112,-1.3009556847028252
participant_9,9.0,10.0,bar,2500,2.5,0,4737.581460408351,16605.899999976158,16.60589999997616,7500.0,9105.899999976158,61.0,2.0,4.0,0.30795521115647806,-0.15240998537583522,0.0,0.0,-0.5241268787039497,-0.26307683727579717
participant_9,10.0,19.0,spinner-color,1000,1.0,0,5860.476777287777,12273.799999952316,12.273799999952317,2000.0,10273.799999952316,38.0,2.0,4.0,-0.8188809023933623,-0.15240998537583522,0.0,0.0,0.12029467010932536,-1.0237513576452304
participant_9,11.0,17.0,skeleton,1000,1.0,0,4803.716777136457,10607.100000023842,10.60710000002384,2000.0,8607.100000023842,29.0,2.0,4.0,-1.259816772912865,-0.15240998537583522,0.0,0.0,-0.486172295942288,-1.3164076266691105
participant_9,12.0,20.0,bar-color,2500,2.5,0,7209.022908718059,16118.100000023842,16.11810000002384,5000.0,11118.100000023842,73.0,2.0,4.0,0.8958697051824818,-0.15240998537583522,0.0,0.0,0.8942155989787504,-0.3487297610305345
participant_9,13.0,18.0,spinner-color,5000,5.0,0,4754.912920434436,19695.5,19.6955,10000.0,9695.5,84.0,2.0,4.0,1.4347913247063184,-0.15240998537583522,0.0,0.0,-0.5141804784070423,0.2794267979446733
participant_9,14.0,4.0,spinner,2500,2.5,0,7584.278504362457,26303.0,26.303,5000.0,21303.0,69.0,2.0,4.0,0.6998982071738138,-0.15240998537583522,0.0,0.0,1.109572087255901,1.4396393722881482
participant_9,15.0,9.0,none,5000,5.0,0,7927.39759263371,21967.200000047684,21.967200000047683,15000.0,6967.200000047684,74.0,4.0,4.0,0.9448625796846487,3.048199707516701,0.0,0.0,1.3064856650109875,0.6783151680076918
participant_9,16.0,12.0,skeleton,5000,5.0,0,8185.023783651374,31876.0,31.876,10000.0,21876.0,72.0,2.0,4.0,0.8468768306803147,-0.15240998537583522,0.0,0.0,1.454335483720575,2.4182038334029703
participant_9,17.0,5.0,none,2500,2.5,0,7640.1672077221,18367.39999997616,18.36739999997616,7500.0,10867.399999976158,76.0,3.0,4.0,1.0428483286889827,1.447894861070433,0.0,0.0,1.141646212277881,0.046225387424321286
participant_9,18.0,1.0,bar-color,5000,5.0,0,8154.570067163985,20502.80000007153,20.50280000007153,10000.0,10502.800000071526,70.0,2.0,4.0,0.7488910816759808,-0.15240998537583522,0.0,0.0,1.4368583147886906,0.4211808064729335
participant_9,19.0,2.0,bar,5000,5.0,0,6809.380205947544,21640.199999928474,21.640199999928477,10000.0,11640.199999928474,79.0,3.0,4.0,1.1898269521954836,1.447894861070433,0.0,0.0,0.6648635252636256,0.6208971563620436
participant_9,20.0,8.0,bar-color,1000,1.0,0,5508.550306403545,9535.100000023842,9.535100000023842,2000.0,7535.100000023842,17.0,1.0,4.0,-1.8477312669388688,-1.7527148318221035,0.0,0.0,-0.08167340120284561,-1.5046403742583956
participant_9,21.0,6.0,skeleton-color,5000,5.0,0,5163.418500598446,17639.100000023842,17.63910000002384,10000.0,7639.100000023842,68.0,2.0,4.0,0.6509053326716469,-0.15240998537583522,0.0,0.0,-0.27974206307929894,-0.08165699136327365
