Contrast,A,B,Paired,Parametric,T,dof,alternative,p_unc,p_corr,p_adjust,BF10,hedges,simulatedLoadingTime_sec
loaderType,bar,bar-color,True,True,1.8249959894290326,9.0,two-sided,0.10129710495779237,1.0,holm,1.046,0.5776889622954559,1.0
loaderType,bar,none,True,True,4.1547612540541925,9.0,two-sided,0.0024668512222134177,0.05180387566648177,holm,19.337,1.5015338508247624,1.0
loaderType,bar,skeleton,True,True,0.9893091326591668,9.0,two-sided,0.3483618152855027,1.0,holm,0.461,0.3000263672580553,1.0
loaderType,bar,skeleton-color,True,True,3.8235260752875506,9.0,two-sided,0.004067871448111869,0.08135742896223737,holm,12.833,1.5094065432110786,1.0
loaderType,bar,spinner,True,True,2.8350838072249243,9.0,two-sided,0.019559445445059397,0.35207001801106913,holm,3.639,0.9906862333062355,1.0
loaderType,bar,spinner-color,True,True,2.4442986357052656,9.0,two-sided,0.03710209796652421,0.5565314694978631,holm,2.213,0.6137209760113956,1.0
loaderType,bar-color,none,True,True,2.125795536791545,9.0,two-sided,0.06244675468129848,0.739156596071011,holm,1.491,1.1041315634050473,1.0
loaderType,bar-color,skeleton,True,True,-0.6767103151582055,9.0,two-sided,0.5156034517172075,1.0,holm,0.375,-0.22519180166196856,1.0
loaderType,bar-color,skeleton-color,True,True,2.794001892112898,9.0,two-sided,0.020916613504641322,0.35558242957890246,holm,3.452,1.1069374428895136,1.0
loaderType,bar-color,spinner,True,True,1.2744464099718746,9.0,two-sided,0.2344258221116972,1.0,holm,0.588,0.5011900292662459,1.0
loaderType,bar-color,spinner-color,True,True,0.061517215149439974,9.0,two-sided,0.9522917785186615,1.0,holm,0.309,0.016002493734940115,1.0
loaderType,none,skeleton,True,True,-3.2242510458077502,9.0,two-sided,0.010418168660802626,0.1979452045552499,holm,5.999,-1.1805770989623523,1.0
loaderType,none,skeleton-color,True,True,-0.034261032801872246,9.0,two-sided,0.9734168249022854,1.0,holm,0.309,-0.016456739750840638,1.0
loaderType,none,spinner,True,True,-1.6214096402107407,9.0,two-sided,0.13938007028198185,1.0,holm,0.834,-0.6273069479420325,1.0
loaderType,none,spinner-color,True,True,-2.2589754882328967,9.0,two-sided,0.05026068126634442,0.6533888564624775,holm,1.756,-1.1247239314419224,1.0
loaderType,skeleton,skeleton-color,True,True,2.134230781125405,9.0,two-sided,0.061596383005917583,0.739156596071011,holm,1.507,1.1822602787018357,1.0
loaderType,skeleton,spinner,True,True,2.3279806269207577,9.0,two-sided,0.04489533434548813,0.6285346808368338,holm,1.913,0.6473686721854697,1.0
loaderType,skeleton,spinner-color,True,True,0.7049629270318379,9.0,two-sided,0.49866970623196183,1.0,holm,0.381,0.24641018943337478,1.0
loaderType,skeleton-color,spinner,True,True,-1.219729771094383,9.0,two-sided,0.25356546921880435,1.0,holm,0.559,-0.6202569420093343,1.0
loaderType,skeleton-color,spinner-color,True,True,-2.7687936295026567,9.0,two-sided,0.02179645947127693,0.35558242957890246,holm,3.343,-1.1287555356268306,1.0
loaderType,spinner,spinner-color,True,True,-1.2519173708951632,9.0,two-sided,0.2421567103209899,1.0,holm,0.576,-0.5067013903658832,1.0
loaderType,bar,bar-color,True,True,-0.6588183362656896,9.0,two-sided,0.5265065575518021,1.0,holm,0.371,-0.3069089995415604,2.5
loaderType,bar,none,True,True,2.9843182187803508,9.0,two-sided,0.015341694937258935,0.24546711899614296,holm,4.408,1.5197950012081105,2.5
loaderType,bar,skeleton,True,True,-0.8353904437844522,9.0,two-sided,0.4251187252744858,1.0,holm,0.413,-0.2943361162037965,2.5
loaderType,bar,skeleton-color,True,True,2.4559316763706343,9.0,two-sided,0.036400783266360065,0.4732101824626809,holm,2.245,0.9946428042881587,2.5
loaderType,bar,spinner,True,True,-0.05711209890597496,9.0,two-sided,0.9557037790085253,1.0,holm,0.309,-0.026741002188241613,2.5
loaderType,bar,spinner-color,True,True,-0.3624232324723911,9.0,two-sided,0.7254003737482019,1.0,holm,0.327,-0.19136361426819992,2.5
loaderType,bar-color,none,True,True,3.883934596291744,9.0,two-sided,0.003709084920452375,0.07047261348859513,holm,13.838,1.7103009175963257,2.5
loaderType,bar-color,skeleton,True,True,0.12028270086522762,9.0,two-sided,0.9069016061501154,1.0,holm,0.311,0.06567531255252163,2.5
loaderType,bar-color,skeleton-color,True,True,4.02459866184625,9.0,two-sided,0.0029972374836871375,0.05994474967374275,holm,16.477,1.2443835860845787,2.5
loaderType,bar-color,spinner,True,True,0.7016039858605729,9.0,two-sided,0.500664649501634,1.0,holm,0.38,0.3069334822635823,2.5
loaderType,bar-color,spinner-color,True,True,0.4570359156775349,9.0,two-sided,0.6584765644719466,1.0,holm,0.338,0.17751382532822946,2.5
loaderType,none,skeleton,True,True,-3.877654902258847,9.0,two-sided,0.0037447730994441927,0.07047261348859513,holm,13.731,-1.8658005559742272,2.5
loaderType,none,skeleton-color,True,True,-2.0450995686005995,9.0,two-sided,0.07117573236143766,0.7931287222577991,holm,1.353,-0.7504754509597527,2.5
loaderType,none,spinner,True,True,-3.787540424902865,9.0,two-sided,0.004298877547165609,0.07308091830181536,holm,12.268,-1.6334792311956294,2.5
loaderType,none,spinner-color,True,True,-4.431253057406463,9.0,two-sided,0.00164417105954818,0.03452759225051178,holm,27.032,-1.8350758048345825,2.5
loaderType,skeleton,skeleton-color,True,True,2.830222420820508,9.0,two-sided,0.01971524863178386,0.2957287294767579,holm,3.617,1.4292916869030976,2.5
loaderType,skeleton,spinner,True,True,0.715583248255021,9.0,two-sided,0.4923948090723441,1.0,holm,0.383,0.29932627282810487,2.5
loaderType,skeleton,spinner-color,True,True,0.3265192085944937,9.0,two-sided,0.7514967174626324,1.0,holm,0.323,0.1392964754328,2.5
loaderType,skeleton-color,spinner,True,True,-2.090832270219532,9.0,two-sided,0.06609406018814992,0.7931287222577991,holm,1.43,-1.1244451321229088,2.5
loaderType,skeleton-color,spinner-color,True,True,-2.7416375149948977,9.0,two-sided,0.02278643945727334,0.31901015240182673,holm,3.228,-1.3897899655614347,2.5
loaderType,spinner,spinner-color,True,True,-1.0,9.0,two-sided,0.34343639613791355,1.0,holm,0.465,-0.18491373511991105,2.5
loaderType,bar,bar-color,True,True,-1.0425168536006322,9.0,two-sided,0.3243654643487652,1.0,holm,0.481,-0.20798292397134333,5.0
loaderType,bar,none,True,True,2.007920267846731,9.0,two-sided,0.07558121404345053,1.0,holm,1.294,1.0309957023168008,5.0
loaderType,bar,skeleton,True,True,0.3445051616444658,9.0,two-sided,0.7383796330842092,1.0,holm,0.325,0.16470733109574356,5.0
loaderType,bar,skeleton-color,True,True,1.3238555493565813,9.0,two-sided,0.21818838836371784,1.0,holm,0.616,0.5774131802852164,5.0
loaderType,bar,spinner,True,True,0.4064953780897942,9.0,two-sided,0.693874935518511,1.0,holm,0.331,0.19372606267317438,5.0
loaderType,bar,spinner-color,True,True,0.5484569470372153,9.0,two-sided,0.5967183806614846,1.0,holm,0.351,0.255881869048104,5.0
loaderType,bar-color,none,True,True,2.511258911200279,9.0,two-sided,0.033242018978060034,0.6648403795612007,holm,2.408,1.280392170975696,5.0
loaderType,bar-color,skeleton,True,True,0.8018211073757031,9.0,two-sided,0.4433113037450144,1.0,holm,0.404,0.3968254850509322,5.0
loaderType,bar-color,skeleton-color,True,True,1.9569990726036424,9.0,two-sided,0.08203910617273619,1.0,holm,1.219,0.8652324325328316,5.0
loaderType,bar-color,spinner,True,True,0.8785490742076093,9.0,two-sided,0.40249144238456447,1.0,holm,0.425,0.4518206634168431,5.0
loaderType,bar-color,spinner-color,True,True,0.980583342717238,9.0,two-sided,0.3524207923448316,1.0,holm,0.458,0.4928438717492569,5.0
loaderType,none,skeleton,True,True,-2.2482001733236863,9.0,two-sided,0.05115345615648885,0.969777719179644,holm,1.733,-0.9466940530641526,5.0
loaderType,none,skeleton-color,True,True,-2.1483161992140962,9.0,two-sided,0.06020134964826577,1.0,holm,1.533,-0.6735751642998121,5.0
loaderType,none,spinner,True,True,-3.291806579909895,9.0,two-sided,0.009351347855629188,0.19637830496821296,holm,6.541,-1.0266292109240176,5.0
loaderType,none,spinner-color,True,True,-2.249548082011792,9.0,two-sided,0.05104093258840231,0.969777719179644,holm,1.735,-0.8584947088623494,5.0
loaderType,skeleton,skeleton-color,True,True,1.5427259135306592,9.0,two-sided,0.15729071126068764,1.0,holm,0.767,0.4395274338084687,5.0
loaderType,skeleton,spinner,True,True,0.039120420593705144,9.0,two-sided,0.9696484240272467,1.0,holm,0.309,0.015105130200012418,5.0
loaderType,skeleton,spinner-color,True,True,0.5185080413071533,9.0,two-sided,0.6166098297476654,1.0,holm,0.346,0.09890543244927294,5.0
loaderType,skeleton-color,spinner,True,True,-1.2697102968861997,9.0,two-sided,0.23603381684673486,1.0,holm,0.585,-0.4942042719013185,5.0
loaderType,skeleton-color,spinner-color,True,True,-1.1770540368320672,9.0,two-sided,0.26936392971667,1.0,holm,0.538,-0.3276046288542737,5.0
loaderType,spinner,spinner-color,True,True,0.35951148104444297,9.0,two-sided,0.7275033911721962,1.0,holm,0.326,0.09525156672822105,5.0
